證券代號,證券名稱,成交股數,成交金額,開盤價,最高價,最低價,收盤價,漲跌價差,成交筆數
"0050","元大台灣50","3,475,423","273,248,775","78.55","79.00","78.40","78.95","+0.40","1,860"
"0051","元大中型100","4,000","127,270","31.87","31.87","31.80","31.80","-0.07","4"
"0052","富邦科技","23,251","1,203,301","52.50","52.95","51.05","51.15","-1.75","25"
"0053","元大電子","115,000","3,915,760","34.01","34.15","33.96","34.15","+0.15","14"
"0054","元大台商50","6,000","136,440","22.70","22.83","22.70","22.83","+0.05","3"
"0055","元大MSCI金融","22,000","374,870","17.14","17.14","17.00","17.01","-0.07","13"
"0056","元大高股息","1,296,217","32,620,219","25.26","25.26","25.12","25.20","-0.02","623"
"0057","富邦摩台","2,000","96,980","48.52","48.52","48.46","48.46","-0.09","2"
"0058","富邦發達","1,000","45,220","45.22","45.22","45.22","45.22","-0.02","1"
"0059","富邦金融","1,000","41,830","41.83","41.83","41.83","41.83","-0.03","1"
"0061","元大寶滬深","689,157","12,703,303","18.44","18.49","18.39","18.43","-0.07","166"
"006203","元大MSCI台灣","3,000","110,140","36.72","36.72","36.70","36.70","-0.12","3"
"006204","永豐臺灣加權","4,000","208,800","52.15","52.25","52.15","52.20","-0.20","4"
"006205","富邦上証","2,324,541","71,956,438","30.89","31.06","30.89","30.91","+0.11","383"
"006206","元大上證50","352,100","10,914,946","31.00","31.09","30.88","30.92","+0.09","106"
"006207","FH滬深","404,000","9,442,390","23.24","23.46","23.24","23.42","+0.18","135"
"006208","富邦台50","4,746","218,070","45.90","46.13","45.90","45.90","-0.08","10"
"00625K","富邦上証+R","2,000","13,260","6.63","6.63","6.63","6.63","+0.02","2"
"00631L","元大台灣50正2","1,743,027","59,433,023","34.00","34.34","33.87","34.20","+0.16","580"
"00632R","元大台灣50反1","35,051,445","460,274,581","13.15","13.18","13.08","13.11","-0.03","3,122"
"00633L","富邦上証正2","19,477,424","798,740,891","41.00","41.37","40.69","40.84","+0.14","3,312"
"00634R","富邦上証反1","1,104,000","7,959,650","7.20","7.22","7.18","7.22","-0.02","72"
"00635U","元大S&P黃金","335,495","6,753,684","20.08","20.14","20.08","20.14","+0.06","83"
"00636","國泰中國A50","2,072,922","41,577,903","20.03","20.15","19.98","20.02","+0.05","544"
"00636K","國泰中國A50+U","1,100","7,460","6.80","6.80","6.78","6.78","+0.08","2"
"00637L","元大滬深300正2","59,672,067","924,539,991","15.50","15.61","15.38","15.42","+0.04","7,050"
"00638R","元大滬深300反1","111,000","1,644,270","14.83","14.86","14.75","14.86","-0.03","33"
"00639","富邦深100","2,528,960","28,185,872","11.10","11.18","11.10","11.11","+0.06","256"
"00640L","富邦日本正2","418,000","10,079,470","24.36","24.36","24.07","24.07","-0.06","25"
"00641R","富邦日本反1","131,000","1,904,880","14.48","14.55","14.48","14.52","-0.01","21"
"00642U","元大S&P石油","691,989","14,484,687","20.93","20.95","20.91","20.95","+0.21","180"
"00643","群益深証中小","1,572,000","23,849,370","15.10","15.22","15.10","15.21","+0.16","235"
"00643K","群益深証中小+R","0","0","0.00","0.00","0.00","0.00"," 0.00","0"
"00645","富邦日本","76,239","1,708,533","22.44","22.51","22.34","22.34","-0.10","15"
"00646","元大S&P500","197,000","4,624,180","23.48","23.50","23.45","23.50","-0.12","43"
"00647L","元大S&P500正2","19,000","558,590","29.47","29.47","29.32","29.32","-0.05","10"
"00648R","元大S&P500反1","270,000","3,783,220","14.00","14.05","13.98","13.99","-0.07","71"
"00649","FH香港","74,000","1,582,050","21.40","21.42","21.35","21.40","+0.01","23"
"00650L","FH香港正2","59,000","2,087,180","35.77","36.17","35.06","35.50","-0.40","34"
"00651R","FH香港反1","194,000","1,613,750","8.27","8.36","8.27","8.30","+0.03","49"
"00652","富邦印度","38,301","877,546","22.95","22.95","22.89","22.89","-0.06","20"
"00653L","富邦印度正2","175,000","5,026,370","28.81","28.81","28.68","28.70","-0.11","56"
"00654R","富邦印度反1","41,000","605,600","14.76","14.79","14.76","14.78","+0.01","23"
"00655L","國泰中國A50正2","7,526,762","226,698,293","30.09","30.37","29.87","30.03","+0.13","1,741"
"00656R","國泰中國A50反1","81,000","1,125,920","13.98","13.98","13.85","13.92","-0.06","17"
"00657","國泰日經225","1,000","27,340","27.34","27.34","27.34","27.34","+0.10","1"
"00657K","國泰日經225+U","100","928","9.28","9.28","9.28","9.28","+0.13","1"
"00658L","國泰日本正2","18,000","641,820","35.78","35.90","35.56","35.69","+0.02","6"
"00659R","國泰日本反1","99,000","1,269,490","12.85","12.85","12.80","12.82","-0.03","20"
"00660","元大歐洲50","6,000","151,300","25.29","25.29","25.17","25.17"," 0.00","6"
"00661","元大日經225","2,000","56,300","28.15","28.15","28.15","28.15","X0.00","1"
"00662","富邦NASDAQ","29,000","785,540","27.10","27.11","27.00","27.09","+0.10","13"
"00663L","國泰臺灣加權正2","371,000","11,919,990","32.00","32.27","31.85","32.18","+0.09","55"
"00664R","國泰臺灣加權反1","5,766,000","85,595,060","14.89","14.89","14.79","14.82","-0.02","279"
"00665L","富邦恒生國企正2","493,000","15,958,400","32.61","32.89","32.03","32.40","-0.35","203"
"00666R","富邦恒生國企反1","31,000","404,440","12.97","13.15","12.97","13.05","-0.02","11"
"00667","元大韓國","6,000","146,400","24.42","24.42","24.30","24.30","-0.23","3"
"00668","國泰美國道瓊","63,000","1,560,070","24.78","24.82","24.71","24.82"," 0.00","12"
"00668K","國泰美國道瓊+U","200","1,670","8.31","8.39","8.31","8.39","X0.00","2"
"00669R","國泰美國道瓊反1","1,083,000","15,466,350","14.30","14.31","14.26","14.26","-0.08","125"
"00670L","富邦NASDAQ正2","198,000","5,745,890","29.05","29.13","28.90","29.11","+0.18","67"
"00671R","富邦NASDAQ反1","108,000","1,647,990","15.28","15.29","15.23","15.27","-0.05","38"
"00672L","元大S&P原油正2","3,350,549","85,590,141","25.56","25.59","25.51","25.59","+0.44","556"
"00673R","元大S&P原油反1","1,546,000","22,362,840","14.46","14.48","14.46","14.48","-0.13","222"
"00674R","元大S&P黃金反1","8,000","151,630","18.95","18.96","18.94","18.94","-0.10","4"
"00675L","富邦臺灣加權正2","528,500","7,311,585","13.86","13.99","13.79","13.94","+0.02","113"
"00676R","富邦臺灣加權反1","1,102,000","8,866,020","8.06","8.06","8.02","8.05","+0.01","160"
"00677U","富邦VIX","13,605,000","106,861,050","7.87","7.91","7.81","7.85","-0.01","1,437"
"00678","群益NBI生技","339,000","6,875,660","20.35","20.36","20.25","20.28","-0.16","29"
"00680L","元大美債20正2","5,000","92,860","18.54","18.61","18.54","18.57","X0.00","5"
"00681R","元大美債20反1","0","0","0.00","0.00","0.00","0.00"," 0.00","0"
"00682U","元大美元指數","257,335","4,673,743","18.17","18.17","18.15","18.16","-0.03","52"
"00683L","元大美元指數正2","1,539,000","25,791,000","16.78","16.78","16.74","16.78","-0.04","248"
"00684R","元大美元指數反1","10,000","210,580","21.06","21.06","21.05","21.05","X0.00","3"
"00685L","群益臺灣加權正2","7,000","85,150","12.18","12.25","12.12","12.25","+0.05","6"
"00686R","群益臺灣加權反1","49,000","430,150","8.78","8.79","8.75","8.75","-0.03","9"
"00688L","國泰20年美債正2","201,000","3,776,830","18.83","18.83","18.79","18.79","+0.10","3"
"00689R","國泰20年美債反1","200,000","3,942,000","19.71","19.71","19.71","19.71","-0.07","2"
"00690","兆豐藍籌30","292,000","6,246,900","21.40","21.54","21.33","21.54","+0.05","23"
"00691R","兆豐藍籌30反1","2,000","35,140","17.54","17.60","17.54","17.60","+0.07","2"
"00692","富邦公司治理","657,999","13,617,438","20.72","20.79","20.67","20.75","+0.02","179"
"00693U","華頓S&P黃豆","88,000","1,789,910","20.28","20.37","20.28","20.33","+0.08","23"
"00698L","元大美債7-10正2","0","0","0.00","0.00","0.00","0.00"," 0.00","0"
"00699R","元大美債7-10反1","0","0","0.00","0.00","0.00","0.00"," 0.00","0"
"00700","富邦恒生國企","170,000","3,591,870","21.16","21.25","21.03","21.25","+0.09","10"
"00701","國泰臺灣低波動30","17,000","351,150","20.63","20.75","20.61","20.75","+0.10","12"
"00702","國泰標普低波高息","9,000","173,490","19.27","19.29","19.27","19.29","-0.07","5"
"00703","台新MSCI中國","50,000","1,081,550","21.60","21.67","21.60","21.63","+0.03","14"
"00704L","台新MSCI台灣正2","2,000","39,350","19.64","19.71","19.64","19.71","-0.02","2"
"00705R","台新MSCI台灣反1","2,000","37,670","18.85","18.85","18.82","18.82","-0.06","2"
"00706L","元大S&P日圓正2","65,000","1,274,380","19.56","19.65","19.56","19.63","+0.21","12"
"00707R","元大S&P日圓反1","0","0","0.00","0.00","0.00","0.00"," 0.00","0"
"00708L","元大S&P黃金正2","702,000","13,496,820","19.16","19.26","19.16","19.22","+0.11","150"
"00709","富邦歐洲","102,000","2,102,860","20.68","20.68","20.60","20.68","-0.02","9"
"00710B","FH彭博高收益債","1,000","19,790","19.79","19.79","19.79","19.79","+0.03","1"
"00711B","FH彭博新興債","77,000","1,428,240","18.60","18.60","18.50","18.50","-0.10","10"
"00712","FH富時不動產","17,000","310,980","18.34","18.34","18.29","18.29","+0.08","3"
"00713","元大台灣高息低波","346,000","10,470,850","30.25","30.30","30.19","30.30","-0.03","19"
"00714","群益道瓊美國地產","100,000","1,827,000","18.27","18.27","18.27","18.27","-0.13","2"
"00715L","華頓S&P布蘭特正2","374,000","10,831,720","28.76","29.04","28.76","28.97","+0.32","15"
"00716R","華頓S&P布蘭特反1","200,000","3,175,000","15.88","15.88","15.87","15.87","-0.13","6"
"00717","富邦美國特別股","296,700","5,741,610","19.38","19.38","19.34","19.35","-0.04","95"
"00728","第一金工業30","534,000","10,084,690","18.90","18.94","18.85","18.86","-0.04","71"
"00729R","第一金工業30反1","538,000","10,984,740","20.42","20.46","20.39","20.41","-0.01","28"
"00730","富邦臺灣優質高息","144,299","2,787,772","19.32","19.34","19.31","19.33"," 0.00","20"
"00731","FH富時高息低波","137,000","6,781,560","49.59","49.59","49.40","49.48","-0.42","22"
"008201","BP上證50","900","89,265","99.35","99.35","98.90","99.30","+0.65","9"
"01001T","土銀富邦R1","14,000","186,330","13.32","13.32","13.28","13.31","-0.02","7"
"01002T","土銀國泰R1","329,000","4,493,360","13.65","13.67","13.64","13.66","-0.01","26"
"01003T","兆豐新光R1","0","0","0.00","0.00","0.00","0.00"," 0.00","0"
"01004T","土銀富邦R2","155,000","1,924,770","12.41","12.43","12.41","12.43"," 0.00","14"
"01007T","兆豐國泰R2","265,000","3,787,660","14.28","14.32","14.28","14.31","+0.04","40"
"1101","台泥","7,868,494","312,494,105","39.60","40.10","39.50","39.55","+0.15","2,896"
"1102","亞泥","7,697,274","241,553,675","31.30","31.85","31.15","31.65","+0.65","3,223"
"1103","嘉泥","1,098,812","13,510,284","12.20","12.40","12.20","12.40","+0.20","378"
"1104","環泥","133,420","2,930,460","21.95","22.00","21.90","21.90","-0.10","72"
"1108","幸福","282,439","2,168,796","7.65","7.70","7.65","7.68","+0.03","76"
"1109","信大","38,710","541,169","13.95","14.05","13.95","13.95"," 0.00","20"
"1110","東泥","154,000","2,148,450","13.95","14.00","13.95","13.95"," 0.00","10"
"1201","味全","1,234,841","28,612,358","23.65","23.65","22.90","23.35","-0.25","540"
"1203","味王","25,640","657,963","25.65","25.70","25.65","25.65"," 0.00","20"
"1210","大成","2,518,340","94,524,434","37.00","37.90","37.00","37.65","+0.55","1,223"
"1213","大飲","3,398","50,290","14.70","14.85","14.70","14.85"," 0.00","6"
"1215","卜蜂","484,833","30,382,579","62.80","62.80","62.60","62.60","-0.20","422"
"1216","統一","12,241,099","854,712,320","68.50","70.60","68.50","70.00","+1.20","4,536"
"1217","愛之味","349,477","2,604,703","7.47","7.48","7.43","7.46","-0.01","115"
"1218","泰山","543,282","9,261,916","17.00","17.15","16.95","17.10","+0.10","171"
"1219","福壽","21,499","397,879","18.45","18.60","18.45","18.60"," 0.00","13"
"1220","台榮","80,042","943,944","11.80","11.85","11.75","11.85","+0.05","39"
"1225","福懋油","284,878","19,892,117","72.80","73.40","72.80","73.30"," 0.00","21"
"1227","佳格","711,375","47,015,017","66.30","66.40","66.00","66.00","-0.40","574"
"1229","聯華","2,839,297","102,681,420","36.60","36.60","35.95","36.30","-0.25","1,816"
"1231","聯華食","273,718","9,640,016","35.30","35.30","35.00","35.20","-0.05","153"
"1232","大統益","16,507","1,549,110","93.90","93.90","93.80","93.80","-0.10","19"
"1233","天仁","11,070","419,003","37.80","37.90","37.80","37.90","+0.10","10"
"1234","黑松","26,500","823,022","31.00","31.20","31.00","31.15","-0.05","21"
"1235","興泰","6,000","213,800","35.70","35.70","35.50","35.70"," 0.00","6"
"1236","宏亞","18,717","329,447","17.60","17.70","17.60","17.70","+0.10","9"
"1256","鮮活果汁-KY","520,200","92,215,300","173.00","181.50","172.00","172.00"," 0.00","467"
"1262","綠悅-KY","3,895,394","136,037,196","37.00","37.00","34.00","34.00","-3.75","2,499"
"1301","台塑","6,177,324","654,553,020","104.50","106.50","104.50","105.00","+0.50","3,322"
"1303","南亞","5,504,361","451,336,314","81.30","82.70","81.30","81.80","+0.10","2,874"
"1304","台聚","656,173","9,542,856","14.50","14.60","14.50","14.50"," 0.00","276"
"1305","華夏","1,357,208","42,907,603","31.50","31.75","31.30","31.60","+0.15","795"
"1307","三芳","79,232","2,542,406","32.20","32.30","32.00","32.00","-0.05","47"
"1308","亞聚","146,543","2,620,766","17.95","17.95","17.75","17.90","-0.05","86"
"1309","台達化","2,810,100","35,468,462","12.50","12.70","12.45","12.65","+0.25","828"
"1310","台苯","1,160,123","24,887,529","21.40","21.55","21.40","21.45","+0.05","488"
"1312","國喬","4,487,200","144,764,333","32.50","32.60","32.05","32.55","-0.05","2,350"
"1312A","國喬特","8,000","274,050","34.20","34.50","34.15","34.50"," 0.00","4"
"1313","聯成","2,340,155","45,890,934","19.75","19.80","19.50","19.65","-0.05","849"
"1314","中石化","15,217,460","192,306,934","12.85","12.85","12.55","12.60","-0.15","3,703"
"1315","達新","10,001","263,726","26.30","26.40","26.30","26.40","-0.10","10"
"1316","上曜","432,839","9,441,521","22.05","22.05","21.65","21.75","-0.35","226"
"1319","東陽","478,383","25,350,351","52.90","53.50","52.60","53.40","+0.40","285"
"1321","大洋","64,000","1,750,350","27.40","27.45","27.30","27.30"," 0.00","30"
"1323","永裕","71,100","2,419,089","34.10","34.30","33.85","34.30","+0.20","61"
"1324","地球","46,001","573,112","12.45","12.50","12.40","12.50","+0.05","16"
"1325","恆大","176,550","3,172,010","18.00","18.20","17.85","18.20"," 0.00","59"
"1326","台化","6,871,213","750,354,717","109.00","110.00","108.50","109.00","-0.50","2,826"
"1337","再生-KY","825,580","8,833,022","10.85","10.85","10.65","10.65","-0.20","400"
"1338","廣華-KY","85,009","8,648,427","102.00","102.00","101.50","101.50"," 0.00","79"
"1339","昭輝","48,000","1,870,850","39.00","39.15","38.70","39.15","+0.15","9"
"1340","勝悅-KY","511,761","22,001,751","43.40","43.45","42.80","42.90","-0.05","366"
"1402","遠東新","4,484,516","124,593,629","28.00","28.10","27.55","27.70","-0.45","2,093"
"1409","新纖","783,666","7,895,960","10.10","10.15","10.05","10.05","-0.05","313"
"1410","南染","3,000","70,750","23.55","23.60","23.55","23.60","+0.05","3"
"1413","宏洲","1,046,922","16,262,425","15.85","16.00","15.00","15.85"," 0.00","498"
"1414","東和","283,001","2,187,327","7.73","7.79","7.70","7.76","+0.03","112"
"1416","廣豐","80,389","1,385,019","17.35","17.35","17.15","17.25"," 0.00","42"
"1417","嘉裕","178,706","803,709","4.52","4.52","4.48","4.50"," 0.00","70"
"1418","東華","2,003","16,624","8.30","8.30","8.30","8.30"," 0.00","5"
"1419","新紡","4,006,000","182,051,200","47.80","48.00","44.95","47.85","+0.05","1,041"
"1423","利華","573,000","6,017,500","10.50","10.70","10.40","10.40","-0.15","214"
"1432","大魯閣","123,239","1,279,785","10.40","10.50","10.20","10.50","+0.05","68"
"1434","福懋","3,364,395","110,201,754","32.90","33.05","32.50","32.50","-0.95","1,677"
"1435","中福","136,727","740,044","5.40","5.48","5.38","5.45"," 0.00","49"
"1436","華友聯","18,100","714,820","39.20","39.80","39.20","39.80","+0.30","15"
"1437","勤益控","266,000","5,248,350","19.40","20.05","19.35","19.80","+0.40","140"
"1438","裕豐","150,023","1,020,696","6.75","7.00","6.70","7.00","+0.29","48"
"1439","中和","1,795,258","93,359,107","52.50","53.30","51.00","51.60","-0.40","1,144"
"1440","南紡","463,285","6,078,764","13.15","13.20","13.05","13.05","-0.10","197"
"1441","大東","87,044","1,254,830","14.50","14.50","14.35","14.45","+0.05","41"
"1442","名軒","247,972","4,860,702","19.60","19.80","19.50","19.50","-0.10","95"
"1443","立益","34,005","193,345","5.65","5.80","5.54","5.54"," 0.00","13"
"1444","力麗","2,016,121","22,436,491","11.15","11.20","11.05","11.10","-0.05","630"
"1445","大宇","55,000","461,680","8.42","8.42","8.36","8.40","-0.03","21"
"1446","宏和","12,000","262,550","21.90","21.90","21.85","21.90","-0.10","9"
"1447","力鵬","846,053","6,979,663","8.30","8.32","8.20","8.25","-0.03","318"
"1449","佳和","109,062","654,852","5.80","6.13","5.80","6.12","+0.07","46"
"1451","年興","300,970","7,416,064","24.80","24.80","24.55","24.65","+0.05","96"
"1452","宏益","319,200","6,594,750","20.75","20.75","20.55","20.65","-0.10","117"
"1453","大將","637,068","7,170,800","10.85","11.70","10.85","11.25","+0.25","297"
"1454","台富","28,000","233,638","8.33","8.39","8.31","8.37","+0.07","17"
"1455","集盛","1,008,717","10,321,460","10.25","10.30","10.20","10.20","-0.10","310"
"1456","怡華","10,000","94,240","9.57","9.79","9.26","9.28","-0.29","9"
"1457","宜進","942,359","13,133,271","14.05","14.10","13.85","13.90","-0.20","355"
"1459","聯發","83,000","719,000","8.71","8.71","8.64","8.65","-0.06","51"
"1460","宏遠","376,845","4,588,414","12.20","12.35","12.10","12.15","+0.15","190"
"1463","強盛","304,792","6,679,255","22.10","22.15","21.85","21.90","-0.20","228"
"1464","得力","332,141","8,281,125","25.00","25.10","24.80","24.95","-0.05","185"
"1465","偉全","11,400","166,080","14.55","14.80","14.50","14.80","+0.25","4"
"1466","聚隆","22,003","239,236","10.90","10.90","10.85","10.90","-0.10","6"
"1467","南緯","289,200","2,976,560","10.30","10.35","10.25","10.25","-0.05","121"
"1468","昶和","34,000","321,980","9.50","9.57","9.30","9.50","-0.10","17"
"1469","理隆","27,000","373,400","13.80","13.90","13.80","13.90","+0.05","15"
"1470","大統染","0","0","0.00","0.00","0.00","0.00"," 0.00","0"
"1471","首利","139,697","862,677","6.21","6.34","6.12","6.15","-0.05","68"
"1472","三洋紡","74,120","2,096,272","29.85","29.85","27.75","28.20","-1.15","49"
"1473","台南","100,010","2,271,930","22.80","22.80","22.65","22.65","-0.15","51"
"1474","弘裕","37,004","434,394","11.75","11.75","11.70","11.70","-0.05","31"
"1475","本盟","7,803","205,347","26.40","26.45","25.95","26.45","+0.10","10"
"1476","儒鴻","3,658,006","1,234,455,010","357.50","358.00","325.00","333.00","-25.50","2,976"
"1477","聚陽","895,893","125,503,520","143.00","143.50","138.50","140.50","-2.50","687"
"1503","士電","17,282","710,347","41.15","41.15","41.10","41.10","-0.05","14"
"1504","東元","4,129,491","99,085,134","24.05","24.20","23.90","23.95","-0.10","1,473"
"1506","正道","401,000","8,352,500","20.35","20.95","20.35","20.90","+0.20","140"
"1507","永大","215,407","10,861,505","50.60","50.70","50.10","50.30","-0.60","200"
"1512","瑞利","391,000","3,925,540","10.30","10.30","9.90","10.00","-0.20","134"
"1513","中興電","603,333","12,568,237","20.90","21.00","20.75","20.80","-0.10","346"
"1514","亞力","3,986,850","59,496,902","14.95","15.25","14.55","14.60","-0.45","1,502"
"1515","力山","1,693,450","77,176,727","44.95","46.40","44.90","45.10","+0.65","1,039"
"1516","川飛","704,699","13,534,481","19.40","19.80","18.40","18.40","+0.10","406"
"1517","利奇","78,545","818,040","10.35","10.50","10.35","10.40"," 0.00","39"
"1519","華城","1,745,002","43,057,097","24.95","25.00","24.40","24.70","-0.25","905"
"1521","大億","23,072","1,882,696","81.60","81.70","81.50","81.60"," 0.00","19"
"1522","堤維西","304,306","8,915,180","29.25","29.50","29.15","29.30","+0.05","221"
"1524","耿鼎","175,001","1,816,010","10.35","10.40","10.35","10.35"," 0.00","40"
"1525","江申","107,130","8,836,554","82.50","83.80","80.90","83.50","+1.40","91"
"1526","日馳","85,001","5,098,959","60.10","60.20","59.80","59.90","-0.10","63"
"1527","鑽全","971,393","54,598,501","55.30","57.30","55.00","56.20","+0.90","797"
"1528","恩德","11,332,861","195,476,573","17.35","17.55","16.80","17.05","+0.25","4,123"
"1529","樂士","33,000","114,480","3.45","3.51","3.45","3.48","-0.03","3"
"1530","亞崴","20,000","649,600","32.75","32.80","32.25","32.25","+0.10","17"
"1531","高林股","221,910","4,599,887","20.65","21.50","20.55","20.90","+0.25","114"
"1532","勤美","435,294","13,676,993","31.50","31.65","31.30","31.45","-0.05","282"
"1533","車王電","30,480","1,100,383","36.25","36.25","36.05","36.05"," 0.00","21"
"1535","中宇","26,300","1,150,150","43.90","44.20","43.35","43.40","-0.55","27"
"1536","和大","2,381,977","307,834,033","131.00","131.00","126.00","129.00","-3.50","1,690"
"1537","廣隆","89,484","12,817,438","143.50","144.00","142.50","143.50"," 0.00","84"
"1538","正峰新","69,579","369,953","5.39","5.39","5.30","5.37","-0.02","23"
"1539","巨庭","141,000","2,537,900","17.85","18.15","17.80","18.15","+0.35","84"
"1540","喬福","85,000","1,245,850","14.70","14.85","14.55","14.70"," 0.00","45"
"1541","錩泰","26,000","926,100","35.50","35.75","35.35","35.65","+0.65","13"
"1558","伸興","206,149","25,998,923","127.00","127.50","125.00","127.00","-2.00","204"
"1560","中砂","664,310","49,218,724","74.10","74.80","73.80","74.40","+0.30","567"
"1568","倉佑","147,000","4,218,350","28.50","28.90","28.50","28.85","+0.05","86"
"1582","信錦","372,555","23,880,494","64.40","64.50","63.90","64.50"," 0.00","290"
"1583","程泰","400","22,000","0.00","0.00","0.00","0.00"," 0.00","2"
"1587","吉茂","30,000","603,200","20.05","20.20","20.05","20.10","+0.05","26"
"1589","永冠-KY","702,153","52,396,150","75.90","76.00","73.50","73.50","-1.00","587"
"1590","亞德客-KY","1,765,940","855,131,100","485.00","493.50","477.00","490.00","+2.00","1,521"
"1592","英瑞-KY","68,015","2,199,940","32.70","32.70","32.20","32.20","-0.50","56"
"1598","岱宇","17,000","660,350","39.25","39.25","38.65","38.70","-0.10","15"
"1603","華電","3,121","81,816","26.10","26.15","26.10","26.10","+0.05","5"
"1604","聲寶","433,682","5,715,897","13.20","13.25","13.10","13.20"," 0.00","171"
"1605","華新","22,204,555","447,365,144","19.65","20.50","19.60","20.45","+0.95","6,483"
"1608","華榮","4,078,515","48,715,730","11.65","12.15","11.65","12.10","+0.40","1,300"
"1609","大亞","14,879,096","213,858,622","14.30","14.60","14.05","14.40","+0.30","4,621"
"1611","中電","1,496,279","18,000,798","12.00","12.15","11.95","12.00"," 0.00","534"
"1612","宏泰","263,005","2,973,555","11.30","11.40","11.25","11.30"," 0.00","127"
"1614","三洋電","1,000","23,000","23.00","23.00","23.00","23.00","+0.15","1"
"1615","大山","2,411,569","48,170,971","21.10","21.25","19.25","19.55","-1.70","1,238"
"1616","億泰","107,050","635,300","5.97","6.05","5.89","5.99","-0.01","35"
"1617","榮星","22,000","301,200","13.90","13.90","13.65","13.65","-0.25","11"
"1618","合機","335,513","3,110,430","9.26","9.30","9.24","9.29","+0.01","97"
"1626","艾美特-KY","56,132","1,243,936","22.30","22.60","22.10","22.10","-0.35","28"
"1701","中化","1,245,310","25,548,364","20.90","20.90","20.30","20.70","-0.20","538"
"1702","南僑","169,401","10,216,460","60.70","60.70","60.10","60.50"," 0.00","133"
"1704","榮化","1,004,851","43,541,229","43.65","43.75","43.20","43.40","-0.20","635"
"1707","葡萄王","653,138","163,611,428","254.50","255.50","248.00","248.00","-3.50","631"
"1708","東鹼","172,218","5,070,592","29.55","29.55","29.40","29.40","-0.15","114"
"1709","和益","245,864","4,601,716","18.70","18.80","18.65","18.70"," 0.00","138"
"1710","東聯","2,218,962","69,643,710","31.55","31.80","31.20","31.30"," 0.00","924"
"1711","永光","235,545","4,213,852","17.90","17.95","17.85","17.90","+0.05","121"
"1712","興農","254,154","4,322,875","17.00","17.05","16.95","17.00","-0.05","128"
"1713","國化","1,006","17,804","17.70","17.70","17.70","17.70","+0.20","3"
"1714","和桐","1,403,757","11,450,188","8.18","8.21","8.11","8.13","-0.04","521"
"1717","長興","933,843","25,407,631","27.70","27.70","27.10","27.20","-0.25","566"
"1718","中纖","1,868,545","18,204,938","9.76","9.79","9.72","9.72","-0.02","540"
"1720","生達","2,102,845","72,935,704","35.75","36.20","34.05","34.50","-1.05","1,217"
"1721","三晃","108,200","1,276,220","11.85","11.85","11.75","11.75","-0.15","38"
"1722","台肥","1,106,101","44,013,098","40.00","40.00","39.65","39.80","-0.25","735"
"1723","中碳","598,137","91,709,528","155.00","155.50","152.50","153.00","-2.50","442"
"1724","台硝","254,000","3,618,050","14.15","14.50","14.10","14.10","+0.05","76"
"1725","元禎","18,020","301,980","16.80","16.90","16.65","16.65","-0.15","14"
"1726","永記","77,100","6,286,550","81.50","81.80","81.30","81.70","+1.00","58"
"1727","中華化","88,789","1,346,063","15.30","15.30","15.00","15.25","+0.10","40"
"1730","花仙子","109,115","5,194,552","48.00","48.20","47.00","47.50","-0.50","69"
"1731","美吾華","544,941","7,772,158","14.30","14.45","14.20","14.20","-0.25","195"
"1732","毛寶","98,000","1,167,800","11.95","12.00","11.90","11.90","-0.15","30"
"1733","五鼎","291,000","8,738,250","30.45","30.45","29.90","30.00","-0.05","212"
"1734","杏輝","329,264","7,504,574","23.15","23.20","22.60","22.65","-0.50","184"
"1735","日勝化","41,200","657,900","16.00","16.20","15.90","16.20","+0.25","20"
"1736","喬山","64,043","1,921,829","30.10","30.30","29.90","30.00","-0.10","50"
"1737","臺鹽","170,600","4,868,178","28.60","28.60","28.50","28.55","-0.05","110"
"1760","寶齡富錦","1,598,401","169,772,006","109.50","111.00","103.50","104.50","-7.00","1,333"
"1762","中化生","125,004","3,072,854","24.90","24.90","24.40","24.55","-0.30","79"
"1773","勝一","63,001","5,054,181","80.40","80.50","79.90","80.10","-0.40","56"
"1776","展宇","19,000","407,400","21.45","21.50","21.25","21.25","+0.05","8"
"1783","和康生","4,960,117","151,528,797","32.65","33.05","29.45","29.45","-2.85","3,069"
"1786","科妍","3,082,347","207,571,256","68.60","69.30","65.30","68.00","-0.10","2,294"
"1789","神隆","591,851","18,816,257","32.15","32.20","31.65","31.75","-0.35","360"
"1802","台玻","1,974,305","37,398,295","19.00","19.15","18.75","19.05","-0.10","1,043"
"1805","寶徠","296,535","3,752,440","12.75","12.80","12.40","12.70","+0.20","100"
"1806","冠軍","95,253","774,408","8.13","8.16","8.12","8.12","-0.04","36"
"1808","潤隆","697,466","40,099,093","57.80","58.30","57.00","57.40","-0.20","512"
"1809","中釉","155,112","1,868,138","12.05","12.20","11.95","12.00","-0.05","65"
"1810","和成","116,999","1,128,160","9.66","9.67","9.62","9.67","+0.01","56"
"1817","凱撒衛","222,000","9,107,100","40.75","41.90","40.70","40.75"," 0.00","81"
"1902","台紙","257,880","4,638,340","18.05","18.15","17.95","18.00","-0.05","143"
"1903","士紙","32,001","1,038,482","32.60","32.85","32.05","32.55","-0.30","27"
"1904","正隆","2,441,426","41,755,355","17.15","17.20","17.05","17.10","-0.05","801"
"1905","華紙","692,452","7,577,251","10.95","11.05","10.85","10.90"," 0.00","305"
"1906","寶隆","103,150","2,640,332","25.90","25.90","25.40","25.50","-0.20","68"
"1907","永豐餘","1,020,239","12,947,358","12.75","12.80","12.65","12.65","-0.05","487"
"1909","榮成","1,626,562","57,693,155","35.70","35.90","35.05","35.30","-0.40","951"
"2002","中鋼","10,702,921","248,951,271","23.25","23.35","23.20","23.25"," 0.00","3,822"
"2002A","中鋼特","31,000","1,311,550","42.20","42.45","42.10","42.40","+0.15","21"
"2006","東和鋼鐵","2,364,563","57,102,101","24.35","24.40","24.00","24.10","-0.35","831"
"2007","燁興","107,714","552,105","5.18","5.20","5.10","5.17","+0.01","58"
"2008","高興昌","66,201","828,002","12.60","12.60","12.50","12.50"," 0.00","9"
"2009","第一銅","454,044","5,130,742","11.20","11.40","11.20","11.25","+0.05","211"
"2010","春源","340,094","3,815,956","11.20","11.30","11.20","11.25"," 0.00","115"
"2012","春雨","69,131","1,376,243","19.90","19.95","19.90","19.90"," 0.00","34"
"2013","中鋼構","3,578,108","99,666,220","28.30","28.50","27.25","27.25","-0.75","1,834"
"2014","中鴻","1,655,494","17,270,879","10.45","10.50","10.35","10.50","+0.15","692"
"2015","豐興","141,200","8,384,618","59.80","59.80","58.90","59.10","-0.20","136"
"2017","官田鋼","357,417","3,776,546","10.55","10.65","10.50","10.60","+0.05","140"
"2020","美亞","220,000","3,426,700","15.55","15.65","15.55","15.55"," 0.00","97"
"2022","聚亨","670,490","4,500,000","6.70","6.79","6.69","6.73","+0.02","142"
"2023","燁輝","422,453","4,317,787","10.25","10.25","10.20","10.20","-0.05","283"
"2024","志聯","203,000","2,259,300","11.20","11.20","11.10","11.15"," 0.00","111"
"2025","千興","294,100","1,256,079","4.20","4.35","4.18","4.29","+0.12","58"
"2027","大成鋼","12,055,678","387,953,253","32.85","33.15","31.75","32.25","-0.50","5,068"
"2028","威致","281,570","3,150,889","11.30","11.35","11.10","11.30","+0.15","69"
"2029","盛餘","112,100","3,021,320","27.00","27.10","26.80","26.90","-0.10","59"
"2030","彰源","633,801","10,105,421","16.00","16.05","15.85","15.90","-0.15","231"
"2031","新光鋼","12,779,828","505,431,684","39.45","40.10","38.85","39.50","+0.65","6,168"
"2032","新鋼","127,230","1,320,018","10.35","10.55","10.30","10.35"," 0.00","64"
"2033","佳大","542,000","6,539,150","12.40","12.55","11.95","11.95","-0.45","281"
"2034","允強","294,180","7,822,977","26.65","26.70","26.50","26.55","-0.10","215"
"2038","海光","3,881,558","51,153,683","13.60","13.75","13.00","13.05","-0.50","1,495"
"2049","上銀","10,259,277","4,031,915,915","410.50","414.00","378.50","394.00","-16.50","8,199"
"2059","川湖","102,000","42,012,000","416.00","416.00","405.50","413.00","+0.50","85"
"2062","橋椿","176,033","6,537,925","36.85","37.40","36.85","37.15","+0.25","103"
"2069","運錩","63,000","1,537,700","24.40","24.45","24.40","24.40","+0.15","25"
"2101","南港","227,485","5,699,924","25.20","25.25","24.90","24.90","-0.05","141"
"2102","泰豐","358,780","4,588,885","12.80","12.85","12.75","12.85","+0.05","153"
"2103","台橡","923,285","27,721,166","30.25","30.25","29.85","30.00","-0.25","303"
"2104","中橡","754,275","32,103,997","42.65","42.80","42.40","42.75","+0.05","549"
"2105","正新","3,308,878","154,672,501","47.00","47.00","46.65","46.65","-0.35","2,070"
"2106","建大","270,615","9,317,111","34.45","34.70","34.20","34.40","-0.10","202"
"2107","厚生","121,150","1,818,950","15.00","15.10","14.95","15.05","+0.05","75"
"2108","南帝","405,587","10,333,927","25.60","25.60","25.35","25.50","-0.10","275"
"2109","華豐","1,778,506","26,010,484","15.05","15.05","14.60","14.60","-0.45","266"
"2114","鑫永銓","34,500","3,049,100","88.20","89.00","88.10","88.50","-0.20","17"
"2115","六暉-KY","8,000","311,300","38.95","38.95","38.90","38.90","-0.05","8"
"2201","裕隆","1,704,084","38,156,867","22.60","22.60","22.30","22.35","-0.25","687"
"2204","中華","425,930","11,815,256","27.75","27.85","27.60","27.70","-0.15","322"
"2206","三陽工業","1,244,901","26,035,129","21.00","21.05","20.80","21.00"," 0.00","468"
"2207","和泰車","387,308","111,081,320","290.00","291.00","285.00","285.00","-5.50","344"
"2208","台船","9,808,140","200,351,000","20.80","21.40","20.05","20.05","-1.35","4,366"
"2227","裕日車","29,196","7,499,360","257.00","258.00","256.00","257.00"," 0.00","32"
"2228","劍麟","52,212","4,642,980","89.50","89.50","88.50","89.20","-0.30","49"
"2231","為升","1,230,384","450,621,815","373.50","376.50","358.50","359.00","-18.50","1,102"
"2236","百達-KY","10,000","521,100","52.00","52.20","52.00","52.00"," 0.00","6"
"2239","英利-KY","48,000","7,312,000","151.00","153.00","151.00","153.00","+2.00","46"
"2243","宏旭-KY","149,000","5,185,850","34.80","35.65","34.20","34.30","+0.15","127"
"2301","光寶科","4,244,570","160,663,408","37.65","38.10","37.50","38.00"," 0.00","2,432"
"2302","麗正","126,499","768,736","5.99","6.13","5.99","6.11","+0.15","65"
"2303","聯電","49,075,125","792,732,391","16.00","16.40","15.95","16.00","-0.05","7,267"
"2305","全友","679,578","5,748,724","8.55","8.58","8.42","8.42","-0.12","185"
"2308","台達電","8,634,726","906,467,408","102.50","108.00","101.50","107.00","+3.00","4,492"
"2312","金寶","3,498,068","36,397,046","10.50","10.50","10.30","10.35","-0.10","522"
"2313","華通","15,067,508","475,575,798","31.75","32.05","30.95","30.95","-0.80","5,341"
"2314","台揚","487,102","12,571,617","26.10","26.10","25.70","25.75","-0.30","273"
"2316","楠梓電","103,230","1,615,710","15.65","15.80","15.50","15.60"," 0.00","82"
"2317","鴻海","25,106,884","2,021,661,181","80.10","80.90","80.10","80.40","+0.30","11,211"
"2321","東訊","114,001","273,862","2.40","2.41","2.40","2.40","+0.03","25"
"2323","中環","117,773,607","779,988,922","6.62","7.02","6.11","6.24","-0.33","20,169"
"2324","仁寶","4,793,593","92,317,728","19.25","19.40","19.20","19.20","-0.05","2,377"
"2327","國巨","9,469,925","6,365,519,525","654.00","683.00","654.00","674.00","+21.00","7,944"
"2328","廣宇","890,740","17,782,497","19.80","20.10","19.70","19.95","+0.15","465"
"2329","華泰","979,676","7,907,450","8.10","8.11","8.05","8.06","-0.02","272"
"2330","台積電","28,477,722","6,330,594,053","221.00","224.00","220.50","223.00","+2.50","8,445"
"2331","精英","607,128","10,450,385","17.20","17.35","17.00","17.20","+0.20","331"
"2332","友訊","2,457,098","27,505,588","11.25","11.30","11.10","11.15"," 0.00","564"
"2337","旺宏","34,169,661","1,489,739,455","43.15","44.20","43.15","43.35","+0.20","13,359"
"2338","光罩","712,001","12,446,067","17.60","17.70","17.30","17.35","-0.05","313"
"2340","光磊","1,633,993","36,371,436","22.45","22.45","22.15","22.20","-0.20","656"
"2342","茂矽","924,392","27,145,987","29.90","29.90","28.50","29.80","-0.15","572"
"2344","華邦電","14,747,060","260,223,088","17.65","17.75","17.50","17.65","+0.10","4,425"
"2345","智邦","18,156,696","1,386,920,900","78.50","79.50","74.70","74.70","-3.00","10,295"
"2347","聯強","3,684,501","157,345,859","42.70","43.15","42.10","43.00","+0.05","2,225"
"2348","海悅","40,068","1,600,585","40.10","40.55","39.55","39.90","-0.20","39"
"2349","錸德","13,903,520","79,628,084","5.70","5.92","5.61","5.68","-0.10","2,862"
"2351","順德","337,728","23,810,168","70.80","71.00","70.10","70.60","+0.60","276"
"2352","佳世達","4,064,065","82,054,900","20.10","20.35","20.10","20.15","+0.05","1,366"
"2353","宏碁","8,566,750","189,168,417","22.00","22.25","21.95","22.05","+0.05","3,199"
"2354","鴻準","1,328,312","97,928,869","73.40","74.00","73.20","74.00","+0.20","970"
"2355","敬鵬","4,927,794","194,866,728","40.05","40.45","38.60","39.30","-0.70","3,111"
"2356","英業達","5,806,912","131,603,655","22.40","22.80","22.40","22.65","+0.15","2,801"
"2357","華碩","950,166","262,835,316","276.00","278.50","276.00","276.00","-4.00","792"
"2358","廷鑫","2,123,811","44,664,978","19.55","21.25","19.55","21.25","+1.90","794"
"2359","所羅門","451,396","9,237,226","20.80","20.80","20.35","20.40","+0.05","257"
"2360","致茂","1,504,597","228,716,050","154.00","155.50","150.00","150.00","-3.50","1,163"
"2362","藍天","1,192,729","35,324,976","29.45","29.75","29.45","29.75","+0.30","409"
"2363","矽統","1,670,564","14,727,609","8.68","8.93","8.68","8.79"," 0.00","563"
"2364","倫飛","126,123","512,634","3.99","4.10","3.99","4.10","+0.10","42"
"2365","昆盈","1,010,792","10,491,030","10.20","10.55","10.15","10.45","+0.25","276"
"2367","燿華","19,633,283","413,138,360","21.15","21.50","20.55","20.55","-0.40","6,699"
"2368","金像電","540,300","5,073,094","9.43","9.43","9.37","9.38","-0.05","207"
"2369","菱生","404,315","5,028,168","12.45","12.50","12.40","12.40","-0.05","217"
"2371","大同","22,324,386","487,488,351","22.00","22.20","21.05","21.85"," 0.00","4,406"
"2373","震旦行","204,600","18,237,800","89.00","89.50","88.70","89.20","+0.20","164"
"2374","佳能","427,585","7,415,366","17.30","17.45","17.25","17.40"," 0.00","276"
"2375","智寶","14,010,784","692,733,168","48.00","50.70","48.00","48.50","+1.50","8,298"
"2376","技嘉","10,314,024","698,900,641","67.00","69.30","65.90","69.30","+3.00","6,267"
"2377","微星","6,435,442","627,196,236","97.00","98.90","95.90","97.40","+0.40","3,881"
"2379","瑞昱","2,014,126","222,865,494","111.00","111.50","109.50","110.00","-2.00","1,256"
"2380","虹光","4,139,081","27,935,357","6.69","6.85","6.63","6.77","+0.08","219"
"2382","廣達","9,035,040","476,012,520","52.50","53.10","52.30","52.80","+0.10","3,101"
"2383","台光電","3,445,562","245,997,825","72.90","72.90","70.50","70.50","-2.80","2,290"
"2385","群光","399,196","28,916,047","72.50","72.90","72.30","72.30","-0.50","360"
"2387","精元","144,735","2,222,968","15.35","15.45","15.30","15.45","+0.05","75"
"2388","威盛","12,417,265","400,205,884","33.30","33.40","31.10","31.10","-0.80","5,845"
"2390","云辰","147,000","1,526,200","10.55","10.55","10.30","10.35"," 0.00","95"
"2392","正崴","707,918","27,331,507","38.90","38.90","38.50","38.75","-0.25","578"
"2393","億光","328,440","13,742,838","41.65","42.25","41.60","41.80","+0.25","242"
"2395","研華","851,721","175,692,384","205.50","207.50","204.00","204.00","-2.50","609"
"2397","友通","67,060","4,475,190","66.00","67.10","66.00","66.90","+0.90","52"
"2399","映泰","11,466,200","232,817,429","19.85","20.85","19.80","20.20","+0.70","5,493"
"2401","凌陽","887,021","12,576,091","14.25","14.25","14.10","14.15"," 0.00","429"
"2402","毅嘉","486,866","7,852,956","16.00","16.20","16.00","16.15","+0.05","241"
"2404","漢唐","368,122","23,953,991","65.30","65.30","64.60","65.30","+0.10","263"
"2405","浩鑫","2,783,150","44,196,474","15.95","16.10","15.75","15.80","-0.10","986"
"2406","國碩","3,560,193","47,785,027","13.10","13.90","13.10","13.15","+0.10","1,231"
"2408","南亞科","7,862,141","720,098,876","90.90","92.50","90.70","91.70","+1.80","3,925"
"2409","友達","28,475,033","354,273,834","12.35","12.55","12.35","12.40","+0.05","5,931"
"2412","中華電","4,109,722","459,137,864","111.00","112.00","111.00","111.50"," 0.00","2,316"
"2413","環科","431,218","9,429,127","22.00","22.15","21.50","21.80","+0.05","249"
"2414","精技","55,889","1,137,877","20.45","20.45","20.30","20.35","-0.10","53"
"2415","錩新","62,870","1,202,765","19.05","19.30","18.90","19.30","+0.25","43"
"2417","圓剛","782,198","9,533,615","12.00","12.40","11.90","12.25","+0.25","401"
"2419","仲琦","1,168,488","24,555,620","20.85","21.25","20.75","21.25","+0.25","468"
"2420","新巨","105,100","3,760,980","35.80","35.90","35.75","35.80","+0.05","56"
"2421","建準","1,823,144","68,959,872","38.25","38.55","37.30","37.70","-0.55","954"
"2423","固緯","14,050","322,505","22.95","23.00","22.80","23.00","+0.05","14"
"2424","隴華","2,287","50,040","22.10","22.10","22.00","22.00","X0.00","3"
"2425","承啟","1,108,177","29,064,852","25.70","26.80","25.65","26.10","+0.40","542"
"2426","鼎元","1,263,308","19,406,009","15.40","15.55","15.30","15.30","-0.10","649"
"2427","三商電","317,000","3,487,450","10.90","11.10","10.90","10.95","+0.05","99"
"2428","興勤","258,343","21,890,652","84.00","85.60","84.00","84.40","-0.10","216"
"2429","銘旺科","3,000","38,150","12.75","12.75","12.70","12.70","-0.10","2"
"2430","燦坤","375,914","9,330,318","24.90","24.95","24.70","24.80","-0.10","207"
"2431","聯昌","166,440","2,168,403","13.00","13.20","12.90","12.90","-0.15","92"
"2433","互盛電","23,300","1,117,530","48.00","48.00","47.70","47.70","-0.20","15"
"2434","統懋","201,695","2,806,993","13.40","14.35","13.40","14.05","+0.45","152"
"2436","偉詮電","392,078","10,273,234","26.35","26.35","26.10","26.10","-0.25","207"
"2438","翔耀","31,611","315,982","9.99","10.25","9.96","9.96","-0.02","22"
"2439","美律","3,634,196","516,012,724","141.00","143.50","140.00","142.00"," 0.00","2,385"
"2440","太空梭","221,380","2,476,586","11.20","11.45","11.10","11.20"," 0.00","89"
"2441","超豐","1,574,997","82,580,641","53.20","53.20","52.10","52.80","-0.50","1,056"
"2442","新美齊","152,331","1,201,586","7.93","7.99","7.85","7.88","-0.07","66"
"2443","新利虹","333,001","1,920,505","5.94","5.94","5.71","5.87","-0.04","107"
"2444","友旺","3,685,052","109,018,373","29.10","29.85","29.10","29.50","+0.30","748"
"2448","晶電","23,386,068","904,535,362","38.50","39.30","38.15","38.15","-1.30","9,232"
"2449","京元電子","3,799,288","110,270,694","29.15","29.40","28.80","28.85","-0.45","1,419"
"2450","神腦","98,600","5,115,438","52.00","52.00","51.70","51.90"," 0.00","90"
"2451","創見","439,099","36,404,144","83.00","83.20","82.60","82.90","-0.50","361"
"2453","凌群","122,000","1,680,800","13.75","13.85","13.70","13.70","-0.10","57"
"2454","聯發科","6,275,448","2,029,315,218","315.00","328.00","315.00","325.50","+5.50","4,269"
"2455","全新","4,969,066","466,921,261","95.00","95.60","92.20","93.30","-0.40","3,233"
"2456","奇力新","10,225,210","963,285,742","93.30","96.10","92.20","94.30","+3.70","6,357"
"2457","飛宏","739,268","7,969,900","10.75","10.90","10.65","10.70","+0.05","333"
"2458","義隆","6,200,158","280,076,406","44.30","46.20","44.10","45.70","+2.00","3,689"
"2459","敦吉","22,001","933,492","42.40","42.55","42.40","42.40","-0.15","14"
"2460","建通","162,398","2,226,932","13.80","13.90","13.70","13.70","-0.25","66"
"2461","光群雷","218,160","3,328,846","15.20","15.35","15.20","15.20"," 0.00","92"
"2462","良得電","219,145","5,329,835","24.65","24.65","24.15","24.40","-0.25","86"
"2464","盟立","577,856","24,598,741","42.95","42.95","42.20","42.70","-0.25","347"
"2465","麗臺","906,108","20,712,168","22.80","23.60","22.05","23.05","+0.55","507"
"2466","冠西電","89,000","3,173,200","35.90","35.90","35.40","35.70","-0.20","55"
"2467","志聖","216,082","5,659,806","26.35","26.35","26.15","26.15","-0.25","149"
"2468","華經","66,244","806,039","12.10","12.30","12.00","12.25"," 0.00","42"
"2471","資通","21,501","326,465","15.20","15.30","15.10","15.30","+0.05","15"
"2472","立隆電","4,427,120","263,608,132","58.80","60.70","58.80","59.00","+1.40","2,506"
"2474","可成","3,134,588","999,757,772","320.00","323.00","317.00","317.00","-4.50","2,071"
"2475","華映","2,261,742","4,144,613","1.83","1.85","1.83","1.83","-0.03","142"
"2476","鉅祥","188,732","4,792,492","25.60","25.60","25.25","25.35","+0.15","76"
"2477","美隆電","144,204","3,674,482","25.00","25.80","25.00","25.65"," 0.00","88"
"2478","大毅","10,153,586","565,288,816","54.50","57.70","53.90","56.10","+1.40","6,080"
"2480","敦陽科","581,974","24,287,966","42.00","42.25","41.35","41.55","-0.80","338"
"2481","強茂","18,399,135","929,600,266","48.25","52.20","47.65","51.00","+2.50","9,856"
"2482","連宇","43,046","531,036","12.15","12.50","12.15","12.50","+0.35","27"
"2483","百容","142,492","3,107,026","21.85","21.90","21.75","21.80","-0.10","66"
"2484","希華","457,264","8,568,637","18.70","18.90","18.55","18.60","-0.15","267"
"2485","兆赫","413,320","10,308,150","25.00","25.10","24.80","24.90","-0.05","193"
"2486","一詮","510,341","4,875,615","9.45","9.80","9.29","9.69","+0.34","209"
"2488","漢平","112,000","2,864,800","25.45","25.65","25.45","25.55","+0.10","93"
"2489","瑞軒","943,642","12,361,896","13.10","13.20","13.00","13.00","-0.10","618"
"2491","吉祥全","11,016","74,503","6.80","6.80","6.75","6.75","-0.13","12"
"2492","華新科","32,021,650","7,363,271,400","228.50","236.00","225.00","227.00","+2.00","21,545"
"2493","揚博","38,263","991,134","25.95","25.95","25.80","25.95","+0.05","31"
"2495","普安","164,278","2,085,502","12.65","12.75","12.65","12.65"," 0.00","66"
"2496","卓越","47,220","7,135,600","157.00","157.00","149.00","149.00","-4.50","50"
"2497","怡利電","28,130","677,909","24.00","24.25","24.00","24.10","+0.05","17"
"2498","宏達電","3,772,954","222,524,886","58.90","59.80","58.50","58.50","+0.40","2,547"
"2499","東貝","13,032,169","138,346,401","10.80","10.95","10.30","10.60","+0.05","4,008"
"2501","國建","707,300","12,478,815","17.50","17.75","17.50","17.60"," 0.00","287"
"2504","國產","1,825,989","17,755,507","9.70","9.77","9.68","9.75","+0.05","559"
"2505","國揚","1,666,012","24,226,273","14.60","14.70","14.40","14.70","+0.10","110"
"2506","太設","74,952","871,091","11.60","11.65","11.60","11.60","-0.10","25"
"2509","全坤建","171,000","4,974,550","29.10","29.30","28.95","29.20","+0.45","143"
"2511","太子","595,205","6,878,554","11.60","11.60","11.50","11.55","-0.05","273"
"2514","龍邦","950,399","13,279,646","14.00","14.00","13.90","14.00"," 0.00","210"
"2515","中工","2,629,335","19,924,046","7.55","7.63","7.55","7.56","+0.02","541"
"2516","新建","86,029","519,674","6.05","6.09","6.03","6.03","-0.03","29"
"2520","冠德","1,089,469","20,623,816","19.00","19.10","18.85","18.85","-0.15","417"
"2524","京城","13,500","307,975","22.75","22.90","22.75","22.80","+0.05","14"
"2527","宏璟","267,000","7,754,600","29.15","29.25","28.95","29.00"," 0.00","106"
"2528","皇普","107,000","1,956,200","18.70","18.75","18.05","18.75","+0.05","27"
"2530","華建","42,393","641,995","15.20","15.30","15.05","15.05"," 0.00","32"
"2534","宏盛","5,752,647","204,230,099","35.90","35.95","35.25","35.40","-0.60","2,174"
"2535","達欣工","987,882","23,573,018","24.00","24.00","23.75","23.85","-0.15","457"
"2536","宏普","303,032","6,810,920","22.50","22.65","22.35","22.60","+0.05","118"
"2537","聯上發","282,100","2,187,367","7.80","7.80","7.71","7.76","+0.02","78"
"2538","基泰","1,249,009","13,515,244","10.85","10.95","10.75","10.75","-0.15","352"
"2539","櫻花建","48,020","1,406,389","29.20","29.50","29.15","29.30","+0.15","30"
"2540","愛山林","192,024","5,993,650","30.55","31.50","30.50","31.50","+1.00","85"
"2542","興富發","1,694,473","76,890,365","45.40","45.60","45.20","45.35","-0.15","1,068"
"2543","皇昌","2,000","16,300","8.15","8.15","8.15","8.15","+0.12","2"
"2545","皇翔","53,000","1,480,250","28.00","28.15","27.85","27.90","+0.10","41"
"2546","根基","65,264","1,654,803","25.40","25.50","25.25","25.40"," 0.00","40"
"2547","日勝生","262,282","2,824,237","10.70","10.85","10.70","10.70"," 0.00","139"
"2548","華固","543,545","37,111,696","68.30","68.50","68.00","68.10","-0.40","451"
"2597","潤弘","75,000","2,816,250","37.70","37.70","37.50","37.50","-0.20","43"
"2601","益航","20,622,609","248,235,058","12.20","12.30","11.80","12.10","-0.10","4,673"
"2603","長榮","10,413,273","156,023,517","15.05","15.10","14.90","15.00"," 0.00","2,297"
"2605","新興","385,376","6,705,329","17.35","17.50","17.35","17.50","+0.15","180"
"2606","裕民","452,670","15,995,015","35.35","35.55","35.25","35.25","-0.10","247"
"2607","榮運","240,581","3,225,902","13.45","13.45","13.35","13.40","-0.05","112"
"2608","大榮","186,275","7,374,513","40.00","40.00","39.40","39.60","-0.35","143"
"2609","陽明","2,335,312","24,240,051","10.40","10.40","10.35","10.35","-0.05","639"
"2610","華航","4,207,152","43,648,015","10.30","10.45","10.30","10.35"," 0.00","1,375"
"2611","志信","311,077","2,243,918","7.20","7.32","7.18","7.25","-0.01","55"
"2612","中航","40,530","1,157,277","28.50","28.75","28.40","28.60","+0.10","30"
"2613","中櫃","32,000","415,550","12.95","13.00","12.95","13.00"," 0.00","11"
"2614","東森","6,344,755","91,646,062","14.40","14.70","14.15","14.50","+0.15","1,868"
"2615","萬海","771,384","13,146,246","17.10","17.15","17.00","17.05"," 0.00","528"
"2616","山隆","110,266","3,677,344","33.45","33.45","33.30","33.35","-0.10","61"
"2617","台航","612,524","10,429,630","17.00","17.30","16.90","16.95","+0.10","287"
"2618","長榮航","4,693,773","71,893,281","15.40","15.50","15.25","15.30","-0.15","1,480"
"2630","亞航","44,000","1,379,350","31.40","31.40","31.30","31.35","-0.20","36"
"2633","台灣高鐵","1,671,400","37,547,295","22.45","22.55","22.40","22.45","-0.05","872"
"2634","漢翔","1,342,249","45,660,886","34.30","34.35","33.85","34.00","-0.15","676"
"2636","台驊投控","194,133","4,462,720","23.10","23.10","22.90","23.05","-0.05","125"
"2637","慧洋-KY","446,294","12,683,775","28.40","28.50","28.30","28.50","+0.10","211"
"2642","宅配通","79,000","2,089,050","26.50","26.65","26.35","26.50"," 0.00","44"
"2701","萬企","12,288","160,844","13.10","13.15","13.10","13.10"," 0.00","15"
"2702","華園","144,651","2,164,925","15.05","15.05","14.85","14.95","-0.15","50"
"2704","國賓","75,801","1,728,022","22.85","22.90","22.70","22.75","-0.10","46"
"2705","六福","248,909","1,702,947","6.88","6.91","6.78","6.85","-0.02","109"
"2706","第一店","43,000","645,950","15.10","15.10","15.00","15.00","-0.10","16"
"2707","晶華","82,476","12,683,304","154.50","154.50","153.50","154.00","-0.50","85"
"2712","遠雄來","0","0","0.00","0.00","0.00","0.00"," 0.00","0"
"2722","夏都","327","9,825","0.00","0.00","0.00","0.00"," 0.00","2"
"2723","美食-KY","96,981","33,905,839","350.50","352.50","343.50","350.00","-4.00","107"
"2727","王品","121,770","14,516,784","120.00","120.00","118.00","120.00","+0.50","122"
"2731","雄獅","102,000","11,228,500","109.00","111.50","108.00","110.00","+1.50","88"
"2739","寒舍","25,170","930,590","36.80","37.35","36.80","37.35","-0.05","23"
"2748","雲品","26,000","1,547,100","59.00","60.20","59.00","59.20","+0.20","20"
"2801","彰銀","4,988,798","84,831,690","17.00","17.10","16.95","16.95","-0.10","1,864"
"2809","京城銀","2,871,490","98,997,204","34.80","34.80","34.15","34.15","-1.70","1,285"
"2812","台中銀","3,085,987","31,778,851","10.30","10.35","10.25","10.25","-0.10","998"
"2816","旺旺保","257,000","4,664,250","18.40","18.40","18.10","18.15","-0.10","133"
"2820","華票","824,317","11,820,541","14.35","14.40","14.30","14.35"," 0.00","398"
"2823","中壽","14,575,093","451,329,883","31.30","31.45","30.80","30.85","-0.70","4,225"
"2832","台產","68,148","1,414,844","20.70","20.80","20.70","20.75"," 0.00","34"
"2834","臺企銀","26,195,979","236,296,068","9.06","9.06","9.00","9.00","-0.06","3,840"
"2836","高雄銀","93,500","869,999","9.30","9.34","9.30","9.30","-0.02","44"
"2838","聯邦銀","453,260","4,396,838","9.70","9.72","9.69","9.71","+0.01","364"
"2838A","聯邦銀甲特","1,810,061","93,461,741","51.70","51.70","51.50","51.50","-0.20","136"
"2841","台開","552,022","5,170,350","9.40","9.40","9.33","9.37"," 0.00","231"
"2845","遠東銀","1,640,936","16,279,098","9.96","9.97","9.89","9.92","-0.04","647"
"2849","安泰銀","94,044","1,278,194","13.60","13.60","13.55","13.60"," 0.00","21"
"2850","新產","313,700","10,344,095","33.00","33.10","32.85","32.85","-0.05","193"
"2851","中再保","501,828","9,477,939","18.95","18.95","18.85","18.90","-0.10","189"
"2852","第一保","357,102","4,942,120","13.85","13.95","13.80","13.95","+0.10","94"
"2855","統一證","625,717","9,304,660","14.90","14.95","14.80","14.90"," 0.00","298"
"2856","元富證","5,251,013","58,264,167","11.05","11.15","11.05","11.10"," 0.00","2,062"
"2867","三商壽","1,371,208","22,093,392","16.15","16.15","16.05","16.15","+0.05","369"
"2880","華南金","6,193,582","110,375,827","17.80","17.90","17.80","17.80","-0.10","2,640"
"2881","富邦金","18,070,202","907,453,226","50.30","50.50","50.10","50.10","-0.30","3,583"
"2881A","富邦特","14,237","933,273","65.60","65.60","65.50","65.60","+0.10","14"
"2881B","富邦金乙特","900,480","54,659,625","60.70","60.80","60.60","60.70"," 0.00","158"
"2882","國泰金","10,548,223","557,616,862","52.70","53.00","52.70","52.80","-0.10","2,656"
"2882A","國泰特","527,814","33,794,639","64.50","64.60","64.50","64.60"," 0.00","22"
"2883","開發金","23,843,995","261,407,795","11.00","11.05","10.90","10.90","-0.10","4,179"
"2884","玉山金","29,616,533","609,638,900","20.55","20.80","20.50","20.70","+0.15","6,048"
"2885","元大金","25,920,472","369,751,029","14.40","14.45","14.15","14.15","-0.30","4,969"
"2886","兆豐金","17,677,058","457,260,121","25.95","26.00","25.80","25.80","-0.30","6,987"
"2887","台新金","10,699,701","153,430,118","14.30","14.40","14.30","14.35"," 0.00","2,506"
"2887E","台新戊特","359,455","19,662,142","54.70","54.70","54.70","54.70"," 0.00","28"
"2888","新光金","22,504,928","273,733,041","12.15","12.25","12.10","12.15"," 0.00","4,953"
"2889","國票金","1,643,113","17,177,302","10.45","10.50","10.40","10.45"," 0.00","595"
"2890","永豐金","10,570,121","111,693,488","10.55","10.60","10.55","10.55","-0.05","3,505"
"2891","中信金","37,194,295","782,564,738","21.10","21.20","21.00","21.05","-0.05","7,312"
"2891B","中信金乙特","66,705","4,106,113","61.50","61.60","61.50","61.50","+0.10","40"
"2892","第一金","11,260,402","229,086,698","20.35","20.40","20.30","20.30","-0.10","3,260"
"2897","王道銀行","463,883","3,963,740","8.60","8.60","8.52","8.54","+0.01","178"
"2901","欣欣","31,000","802,900","25.90","25.90","25.90","25.90","+0.40","8"
"2903","遠百","3,767,909","73,331,967","19.50","19.65","19.25","19.50"," 0.00","1,515"
"2904","匯僑","7,376","139,894","19.00","19.00","18.95","18.95","-0.05","12"
"2905","三商","97,608","2,367,061","24.25","24.40","24.10","24.35","+0.10","81"
"2906","高林","240,802","2,638,641","11.00","11.00","10.95","11.00","+0.05","27"
"2908","特力","391,461","9,148,845","23.25","23.70","23.10","23.30","+0.05","157"
"2910","統領","3,746","99,618","26.25","27.20","26.25","27.20","X0.00","4"
"2911","麗嬰房","3,893,125","57,632,909","15.25","15.45","14.05","14.05","-1.25","1,722"
"2912","統一超","510,287","148,557,936","292.00","292.50","290.00","290.50","-2.00","504"
"2913","農林","478,817","7,415,683","15.50","15.55","15.45","15.45"," 0.00","235"
"2915","潤泰全","2,534,359","145,077,527","57.80","58.00","57.00","57.00","-0.60","1,548"
"2923","鼎固-KY","33,000","624,200","19.00","19.00","18.90","18.90","-0.05","5"
"2929","淘帝-KY","146,525","14,643,656","100.00","100.50","99.50","100.00","-0.50","125"
"2936","客思達-KY","22,000","541,700","24.85","24.90","24.40","24.90","+0.05","15"
"2939","凱羿-KY","91,100","14,191,550","158.00","159.50","153.00","155.00","-4.50","77"
"3002","歐格","22,000","247,650","11.25","11.30","11.20","11.30","+0.05","12"
"3003","健和興","348,100","17,792,470","50.80","51.60","50.80","51.40","+0.60","254"
"3004","豐達科","98,000","5,302,300","55.10","55.10","53.70","54.10","-0.10","79"
"3005","神基","730,387","30,480,615","41.85","41.95","41.65","41.80","-0.10","445"
"3006","晶豪科","1,608,030","62,662,385","38.50","39.45","38.50","39.15","+0.65","939"
"3008","大立光","686,563","2,513,914,950","3,685.00","3,735.00","3,630.00","3,640.00","-45.00","880"
"3010","華立","148,300","8,139,269","55.00","55.20","54.70","54.90","+0.10","92"
"3011","今皓","492,000","4,059,700","8.16","8.32","8.14","8.26","+0.10","167"
"3013","晟銘電","645,106","11,713,161","18.40","18.40","17.95","18.10","-0.45","304"
"3014","聯陽","232,011","8,109,528","35.00","35.15","34.85","34.90","-0.10","186"
"3015","全漢","414,500","9,707,148","23.40","23.50","23.35","23.45","-0.30","203"
"3016","嘉晶","3,320,928","120,082,857","36.90","37.10","35.60","35.80","-1.15","1,939"
"3017","奇鋐","797,200","21,614,529","27.10","27.30","27.00","27.20","+0.35","466"
"3018","同開","757,100","61,521,078","81.40","81.80","80.50","81.50","+0.10","200"
"3019","亞光","6,051,343","547,508,997","89.00","91.80","88.80","89.80","+0.60","4,445"
"3021","鴻名","43,000","686,450","16.00","16.05","15.85","16.05","+0.05","28"
"3022","威強電","88,120","3,105,344","35.00","35.50","35.00","35.30","+0.30","83"
"3023","信邦","775,327","60,016,538","77.00","78.70","76.10","77.50","+0.50","545"
"3024","憶聲","107,076","680,477","6.35","6.40","6.35","6.35"," 0.00","31"
"3025","星通","36,000","588,950","16.30","16.60","16.30","16.60","+0.10","21"
"3026","禾伸堂","26,398,018","4,093,563,898","147.00","161.00","147.00","161.00","+14.50","16,103"
"3027","盛達","145,060","1,448,232","10.15","10.15","9.83","9.85","-0.08","74"
"3028","增你強","259,218","5,842,120","22.70","22.70","22.40","22.55","-0.05","138"
"3029","零壹","604,206","12,418,632","20.50","20.75","20.40","20.60","+0.10","329"
"3030","德律","1,185,202","64,616,308","55.20","55.50","54.20","54.50","-0.50","736"
"3031","佰鴻","350,176","5,326,092","15.20","15.30","15.15","15.25","+0.10","147"
"3032","偉訓","134,197","4,708,484","35.50","35.50","34.90","35.10","-0.10","88"
"3033","威健","739,212","16,374,694","22.20","22.25","22.05","22.20","+0.05","316"
"3034","聯詠","2,370,067","292,220,942","124.00","125.00","122.00","125.00","+3.00","1,350"
"3035","智原","4,396,410","296,276,661","68.00","69.00","66.40","66.50","-1.90","3,058"
"3036","文曄","946,265","42,565,096","44.80","45.10","44.80","45.00","+0.30","421"
"3037","欣興","10,487,732","178,059,658","17.25","17.30","16.70","16.75","-0.50","3,866"
"3038","全台","65,668","606,949","9.35","9.35","9.20","9.26","+0.01","47"
"3040","遠見","129,330","7,623,602","58.50","59.50","58.40","58.90","+0.40","110"
"3041","揚智","605,127","8,379,191","14.00","14.15","13.70","13.75","-0.15","291"
"3042","晶技","238,550","8,672,374","36.25","36.50","36.25","36.50","+0.25","184"
"3043","科風","3,445","8,847","2.60","2.60","2.57","2.57","+0.01","4"
"3044","健鼎","880,358","78,286,832","90.10","90.10","88.40","88.60","-1.90","780"
"3045","台灣大","3,453,704","379,240,440","110.00","110.00","109.50","109.50","-0.50","1,548"
"3046","建碁","17,767","406,735","22.80","23.00","22.80","22.90","+0.05","22"
"3047","訊舟","138,374","1,135,051","8.24","8.25","8.17","8.21","-0.04","60"
"3048","益登","171,102","2,892,871","16.75","17.05","16.70","16.85","+0.10","107"
"3049","和鑫","446,701","3,131,935","7.02","7.04","6.98","7.00","-0.01","152"
"3050","鈺德","134,001","1,464,660","10.90","11.00","10.85","10.85","-0.05","36"
"3051","力特","171,157","546,140","3.20","3.23","3.16","3.16","-0.04","41"
"3052","夆典","183,545","1,717,353","9.45","9.48","9.33","9.36","-0.02","70"
"3054","立萬利","91,000","1,797,450","19.75","20.05","19.70","19.80","+0.05","14"
"3055","蔚華科","1,195,763","34,716,879","30.10","30.10","28.20","28.50","-1.05","675"
"3056","總太","989,613","20,772,383","21.10","21.15","20.90","20.90","-0.15","459"
"3057","喬鼎","132,003","1,221,747","9.22","9.30","9.21","9.22"," 0.00","72"
"3058","立德","38,054","312,177","8.20","8.25","8.17","8.25","+0.01","23"
"3059","華晶科","2,185,839","67,131,851","30.75","31.05","30.35","30.40","-0.30","1,020"
"3060","銘異","239,312","5,268,540","21.95","22.15","21.90","22.05","+0.10","133"
"3062","建漢","286,860","4,973,687","17.40","17.40","17.30","17.30","-0.10","146"
"3090","日電貿","9,535,790","685,481,317","71.30","73.00","70.70","70.80","+1.20","6,128"
"3094","聯傑","168,182","3,749,458","22.20","22.45","22.15","22.45","+0.30","95"
"3130","一零四","6,278","1,135,067","181.00","181.00","181.00","181.00"," 0.00","10"
"3149","正達","190,958","2,991,494","15.70","15.90","15.50","15.70","-0.20","96"
"3164","景岳","490,035","12,947,645","26.95","27.00","26.05","26.15","-0.85","287"
"3167","大量","135,245","6,134,308","45.40","45.55","45.10","45.30","-0.15","102"
"3189","景碩","411,250","20,698,925","50.70","50.90","50.10","50.10","-0.30","303"
"3209","全科","83,383","1,709,999","20.70","20.70","20.45","20.50","+0.05","50"
"3229","晟鈦","60,000","1,026,400","17.00","17.40","17.00","17.10","+0.05","34"
"3231","緯創","17,000,218","400,554,962","23.80","23.85","23.40","23.40","-0.40","5,887"
"3257","虹冠電","212,139","11,205,149","52.50","53.60","52.10","52.50","+0.20","194"
"3266","昇陽","58,000","644,650","11.05","11.20","11.05","11.15","+0.10","27"
"3296","勝德","88,000","1,252,250","14.30","14.45","14.10","14.35","-0.10","29"
"3305","昇貿","38,565","948,154","24.60","24.90","24.50","24.90","+0.30","25"
"3308","聯德","32,000","263,850","8.30","8.31","8.20","8.23","-0.06","18"
"3311","閎暉","260,145","4,319,755","16.90","16.90","16.45","16.60","-0.30","106"
"3312","弘憶股","381,311","3,233,122","8.51","8.56","8.41","8.42","+0.02","212"
"3321","同泰","103,000","1,400,250","13.75","13.75","13.45","13.45","-0.30","34"
"3338","泰碩","41,139","831,941","20.30","20.45","20.05","20.25","-0.05","47"
"3346","麗清","122,000","7,430,000","61.20","61.50","60.60","61.00","-0.20","102"
"3356","奇偶","595,353","16,275,295","28.00","28.15","27.05","27.15","-1.05","419"
"3376","新日興","646,577","50,112,330","77.50","78.00","77.10","77.30","-1.20","490"
"3380","明泰","1,512,970","30,103,200","19.95","20.05","19.80","19.85","-0.05","631"
"3383","新世紀","21,000","60,500","2.81","2.96","2.81","2.90","-0.09","13"
"3406","玉晶光","11,728,787","4,125,092,394","334.50","364.00","334.00","362.00","+29.50","9,321"
"3413","京鼎","457,708","87,279,436","189.00","193.00","188.50","191.50","+2.50","398"
"3416","融程電","53,000","2,395,850","45.50","45.50","45.00","45.45","-0.05","34"
"3419","譁裕","206,066","3,499,013","17.15","17.15","16.85","17.05","-0.05","104"
"3432","台端","129,160","1,712,746","13.35","13.40","13.10","13.20","-0.35","61"
"3437","榮創","326,000","9,188,650","28.05","28.50","27.90","28.10","+0.05","194"
"3443","創意","5,366,132","1,419,091,568","265.00","272.50","256.00","269.50","+10.50","4,471"
"3450","聯鈞","1,206,732","120,012,400","101.00","101.50","98.90","99.30","-0.60","1,019"
"3454","晶睿","30,724","2,505,303","80.90","82.40","80.90","81.80"," 0.00","32"
"3481","群創","49,641,786","554,185,383","11.05","11.30","11.00","11.15","+0.10","7,220"
"3494","誠研","279,180","2,757,913","9.90","9.93","9.81","9.85","-0.05","121"
"3501","維熹","94,365","4,838,004","51.50","51.50","51.20","51.30"," 0.00","91"
"3504","揚明光","1,046,200","60,876,560","58.30","58.90","57.30","57.90","-0.10","743"
"3514","昱晶","1,542,506","24,785,141","16.10","16.30","15.90","15.90","-0.20","604"
"3515","華擎","2,026,100","152,287,450","73.60","76.80","73.40","74.80","+1.30","1,430"
"3518","柏騰","68,001","1,965,829","29.30","29.45","28.60","29.00","-0.05","67"
"3519","綠能","6,614,761","108,600,276","16.40","16.70","16.15","16.15","-0.05","2,130"
"3528","安馳","27,001","970,686","35.70","36.00","35.70","36.00","+0.05","20"
"3532","台勝科","2,484,947","293,580,746","122.00","122.00","116.50","116.50","-4.00","1,656"
"3533","嘉澤","1,411,358","257,922,730","181.50","187.50","177.50","186.00","+5.50","1,157"
"3535","晶彩科","65,001","835,712","12.85","12.95","12.75","12.95","+0.10","38"
"3536","誠創","1,145,967","15,060,860","12.90","13.30","12.80","13.30","+1.20","446"
"3545","敦泰","1,828,460","46,984,312","25.90","26.05","25.50","25.80"," 0.00","1,073"
"3550","聯穎","435,031","8,712,788","20.45","20.45","19.90","20.10","-0.15","225"
"3557","嘉威","89,430","1,478,601","16.50","16.65","16.50","16.50"," 0.00","40"
"3561","昇陽光電","568,851","7,783,420","13.85","13.90","13.50","13.60","-0.10","303"
"3576","新日光","2,990,896","37,164,206","12.55","12.65","12.30","12.35","-0.15","1,452"
"3579","尚志","205,200","3,072,480","14.95","15.35","14.80","14.95","-0.05","100"
"3583","辛耘","1,586,053","93,696,080","59.60","60.70","58.20","59.10","-2.30","1,273"
"3588","通嘉","54,134","1,385,435","25.60","25.80","25.50","25.65","+0.20","44"
"3591","艾笛森","27,200","416,477","15.35","15.45","15.20","15.25","-0.10","25"
"3593","力銘","39,012","337,243","8.87","8.87","8.62","8.63","-0.24","27"
"3596","智易","1,414,930","80,578,110","56.80","57.80","55.80","57.40","+0.90","936"
"3605","宏致","166,012","4,349,313","26.10","26.35","26.10","26.10","-0.05","108"
"3607","谷崧","62,001","1,642,729","26.55","26.90","26.40","26.50"," 0.00","50"
"3617","碩天","27,000","2,382,400","88.50","88.70","88.00","88.70","+0.10","23"
"3622","洋華","608,298","10,274,039","16.45","17.15","16.45","16.85","+0.50","332"
"3645","達邁","2,103,301","136,277,180","65.40","66.00","63.80","65.40","+0.40","1,382"
"3653","健策","66,230","4,129,044","61.50","62.80","61.50","62.80","+0.70","67"
"3661","世芯-KY","6,587,037","862,684,884","130.50","134.50","128.00","132.00","+1.50","4,652"
"3665","貿聯-KY","4,232,720","858,346,260","206.00","210.00","197.00","208.00","+2.00","3,462"
"3669","圓展","1,000","18,450","18.45","18.45","18.45","18.45","-0.10","1"
"3673","TPK-KY","18,207,355","1,111,410,776","61.00","62.70","59.60","61.20","-2.60","10,457"
"3679","新至陞","200,400","16,136,200","82.00","83.50","80.00","80.00","-1.90","142"
"3682","亞太電","2,991,016","25,917,324","8.55","8.76","8.55","8.57","+0.02","916"
"3686","達能","1,976,302","12,642,093","6.40","6.59","6.30","6.34","-0.16","533"
"3694","海華","358,098","7,171,669","19.95","20.15","19.90","20.10","+0.20","152"
"3698","隆達","1,409,984","25,416,908","17.80","18.20","17.75","18.05","+0.10","822"
"3701","大眾控","16,753","123,068","7.37","7.37","7.33","7.33","-0.04","24"
"3702","大聯大","10,301,118","417,955,067","40.10","40.95","40.05","40.75","+0.55","3,630"
"3703","欣陸","2,636,595","34,844,312","13.20","13.30","13.10","13.15","-0.05","558"
"3704","合勤控","93,262","1,240,357","13.30","13.40","13.25","13.30","+0.05","56"
"3705","永信","101,682","4,141,790","40.90","40.90","40.65","40.75","-0.05","75"
"3706","神達","943,677","29,875,445","31.75","31.80","31.50","31.70","-0.15","535"
"3708","上緯投控","10,798,574","1,219,011,422","114.00","115.50","110.50","110.50","-12.00","5,151"
"3711","日月光投控","23,633,024","1,867,243,913","77.50","82.30","76.70","80.20","+5.10","11,796"
"4104","佳醫","2,813,191","139,987,448","49.20","50.60","48.10","50.50","+1.30","1,422"
"4106","雃博","101,202","2,983,038","29.85","29.85","29.20","29.65","-0.25","89"
"4108","懷特","1,050,527","24,194,671","23.55","23.60","22.75","23.30","-0.25","625"
"4119","旭富","233,009","14,020,544","60.70","61.10","59.60","60.20","-0.50","168"
"4133","亞諾法","42,300","1,482,759","35.30","35.30","34.85","35.00","-0.30","37"
"4137","麗豐-KY","7,859,728","1,801,260,580","226.50","237.50","219.00","235.50","+11.50","6,473"
"4141","龍燈-KY","41,480","1,047,198","25.20","25.45","25.05","25.25","+0.05","35"
"4142","國光生","257,002","4,922,488","19.10","19.30","19.00","19.10"," 0.00","166"
"4144","康聯-KY","790,050","31,382,900","40.75","40.80","39.20","39.40","-1.40","532"
"4148","全宇生技-KY","476,340","61,461,520","131.00","131.00","127.00","127.00","-1.00","417"
"4155","訊映","124,096","3,730,910","30.20","30.20","30.00","30.00","-0.35","74"
"4164","承業醫","401,366","14,281,860","36.30","36.35","35.40","35.50","-0.85","243"
"4190","佐登-KY","3,963,058","451,109,525","116.00","118.50","109.00","113.50","-1.50","3,125"
"4306","炎洲","1,352,321","22,564,258","16.65","17.00","16.50","16.50","-0.05","734"
"4414","如興","2,853,750","44,213,600","15.75","15.95","15.15","15.45","-0.15","1,080"
"4426","利勤","141,220","5,696,842","40.45","40.65","40.10","40.20","-0.25","121"
"4438","廣越","19,000","2,127,500","110.50","113.00","110.50","113.00","+1.00","18"
"4526","東台","225,774","4,361,158","19.40","19.50","19.20","19.20","-0.20","108"
"4532","瑞智","470,152","14,912,114","31.95","31.95","31.60","31.75","-0.20","273"
"4536","拓凱","6,002","489,264","81.50","81.80","81.40","81.80","-0.20","8"
"4545","銘鈺","117,200","4,493,630","38.80","38.80","38.05","38.25","-0.55","82"
"4551","智伸科","303,140","54,210,920","182.00","182.00","177.00","178.00","-7.50","253"
"4552","力達-KY","47,050","4,163,090","89.10","89.10","88.10","88.10","-1.00","46"
"4555","氣立","57,007","4,303,620","76.70","76.70","74.90","75.00","-1.60","54"
"4557","永新-KY","69,000","4,823,800","69.90","70.00","69.80","70.00","+0.10","59"
"4560","強信-KY","463,184","29,423,011","63.00","64.60","62.60","63.60","-0.10","296"
"4562","穎漢","22,001","881,639","40.00","40.40","40.00","40.20","-0.15","21"
"4566","時碩工業","24,010","1,352,878","57.00","57.00","56.10","56.10","-1.00","25"
"4720","德淵","48,000","715,650","14.95","15.00","14.85","14.95"," 0.00","22"
"4722","國精化","106,122","3,573,635","33.60","33.90","33.60","33.60","-0.20","68"
"4725","信昌化","2,080,925","42,208,376","20.65","20.75","20.00","20.30","-0.35","932"
"4737","華廣","85,000","4,932,300","58.20","58.40","57.70","58.20","+1.00","69"
"4739","康普","3,818,610","435,482,700","113.00","119.00","110.00","117.50","+3.00","2,859"
"4746","台耀","1,501,350","81,894,250","56.60","56.60","53.60","54.20","-2.00","1,063"
"4755","三福化","41,000","2,006,400","48.80","49.15","48.70","49.10","+0.30","31"
"4763","材料-KY","30,000","3,703,500","123.50","124.00","123.00","123.50"," 0.00","29"
"4764","雙鍵","53,500","3,254,800","62.00","62.00","60.50","61.20","-0.10","43"
"4807","日成-KY","88,607","5,766,463","66.40","66.40","64.60","66.00"," 0.00","66"
"4904","遠傳","5,873,858","454,452,020","77.00","77.90","76.80","77.10","-0.20","2,048"
"4906","正文","1,737,725","42,098,908","24.00","24.50","23.80","24.10","+0.30","924"
"4912","聯德控股-KY","75,538","11,900,428","157.50","159.00","156.50","157.00","-0.50","63"
"4915","致伸","1,692,107","96,731,184","57.40","58.40","56.70","56.70","-1.30","1,246"
"4916","事欣科","597,700","21,590,310","36.40","36.50","35.65","36.05","-0.10","382"
"4919","新唐","2,623,000","144,939,000","55.70","56.10","54.40","55.30","-0.80","1,732"
"4927","泰鼎-KY","3,264,809","73,354,885","22.00","22.85","22.00","22.45","+0.70","1,361"
"4930","燦星網","118,000","1,404,000","11.85","12.00","11.85","11.90","-0.05","31"
"4934","太極","1,436,028","14,437,374","10.20","10.20","9.97","9.97","-0.13","487"
"4935","茂林-KY","223,050","7,995,512","35.75","36.00","35.70","35.95","+0.20","60"
"4938","和碩","4,807,066","335,696,831","69.80","70.30","69.60","69.80","-0.90","2,517"
"4942","嘉彰","44,000","994,950","22.75","22.75","22.50","22.75","-0.15","22"
"4943","康控-KY","953,140","257,125,366","265.50","274.50","264.00","272.50","+7.00","841"
"4952","凌通","221,408","9,533,544","43.20","43.35","42.80","43.00","+0.70","185"
"4956","光鋐","5,719,782","124,383,393","20.15","22.05","20.05","22.05","+2.00","2,026"
"4958","臻鼎-KY","1,085,773","68,349,205","62.80","63.60","62.60","62.70","-0.30","700"
"4960","奇美材","1,492,817","16,226,980","10.90","11.00","10.80","10.80","-0.05","504"
"4968","立積","407,807","27,895,655","68.00","69.30","67.40","68.70","+1.90","324"
"4976","佳凌","1,517,225","62,002,012","41.20","41.50","40.20","40.80","-0.20","1,050"
"4977","眾達-KY","894,524","73,178,116","78.50","85.60","78.10","84.30","+5.30","708"
"4984","科納-KY","715,510","35,901,897","50.10","50.30","50.10","50.20","+0.10","196"
"4994","傳奇","57,845","2,769,660","46.20","49.00","46.20","48.70","+2.60","36"
"4999","鑫禾","54,081","2,639,769","48.55","49.45","48.40","48.80","+0.20","39"
"5007","三星","21,200","1,227,459","58.00","58.00","57.70","57.90","+0.30","18"
"5203","訊連","42,363","2,716,732","64.30","64.30","63.90","63.90","-0.30","35"
"5215","科嘉-KY","19,000","466,350","24.70","24.70","24.35","24.55","-0.15","9"
"5225","東科-KY","32,001","845,426","26.50","26.50","26.30","26.50","-0.30","25"
"5234","達興材料","517,204","43,156,790","85.00","85.50","82.10","82.80","-1.40","369"
"5243","乙盛-KY","387,400","12,344,180","32.10","32.10","31.70","31.80","-0.40","293"
"5258","虹堡","31,740","613,860","19.05","19.50","19.05","19.15","+0.20","31"
"5259","清惠","13,011","130,202","10.15","10.15","10.00","10.00","-0.15","11"
"5264","鎧勝-KY","1,383,296","100,114,133","72.00","73.80","70.70","73.20","+1.20","985"
"5269","祥碩","254,200","83,122,300","329.00","334.00","325.00","325.00","-3.00","246"
"5284","jpp-KY","30,232","1,868,168","61.90","62.00","61.70","61.90","-0.70","26"
"5285","界霖","72,000","6,053,400","83.50","84.80","83.50","84.20","-0.60","64"
"5288","豐祥-KY","29,000","2,504,400","87.30","87.30","86.00","86.80","-0.50","19"
"5305","敦南","2,595,973","92,849,529","36.50","36.50","35.20","35.65","-1.25","1,553"
"5388","中磊","454,221","35,652,569","79.00","79.00","78.20","78.20","-0.50","361"
"5434","崇越","221,687","17,681,960","79.80","80.00","79.60","79.60"," 0.00","168"
"5469","瀚宇博","4,422,926","81,122,997","18.10","18.55","18.05","18.25","+0.05","1,626"
"5471","松翰","146,450","4,771,679","32.45","32.80","32.45","32.80","+0.10","116"
"5484","慧友","51,091","265,453","5.20","5.37","5.12","5.29","+0.04","19"
"5515","建國","479,142","5,763,035","12.20","12.20","11.95","12.00"," 0.00","176"
"5519","隆大","499,121","6,164,632","12.45","12.50","12.20","12.20","-0.15","205"
"5521","工信","845,000","10,881,750","12.80","13.00","12.80","12.85","-0.20","286"
"5522","遠雄","277,101","9,007,807","32.55","32.70","32.45","32.50","-0.05","225"
"5525","順天","83,838","1,510,442","18.05","18.05","18.00","18.05"," 0.00","33"
"5531","鄉林","348,730","4,054,868","11.65","11.70","11.55","11.65"," 0.00","140"
"5533","皇鼎","180,999","2,956,082","16.45","16.45","16.30","16.35"," 0.00","30"
"5534","長虹","674,795","57,707,210","85.70","86.20","85.40","85.40","-0.90","577"
"5538","東明-KY","1,000","44,100","44.10","44.10","44.10","44.10","+0.05","1"
"5607","遠雄港","410,200","7,305,840","17.95","18.00","17.65","17.85","-0.10","137"
"5608","四維航","2,620,983","20,451,669","7.51","8.04","7.50","7.83","+0.36","892"
"5706","鳳凰","100,405","3,645,110","36.30","36.45","36.20","36.45","+0.15","60"
"5871","中租-KY","3,041,169","320,942,914","105.50","107.00","104.50","106.00","+0.50","1,867"
"5880","合庫金","9,779,234","168,912,062","17.30","17.35","17.25","17.25","-0.10","2,979"
"5906","台南-KY","81,087","845,596","10.80","10.80","10.30","10.30","-0.35","42"
"5907","大洋-KY","2,115,356","62,743,786","30.60","30.90","29.10","29.10","-1.50","1,221"
"6005","群益證","1,330,910","14,941,993","11.25","11.30","11.20","11.20","-0.05","312"
"6024","群益期","333,266","19,943,542","60.00","60.40","59.60","60.40","+0.20","216"
"6108","競國","157,407","3,637,851","23.35","23.35","23.00","23.20","-0.15","93"
"6112","聚碩","106,667","3,622,257","33.75","34.10","33.75","33.90","+0.10","73"
"6115","鎰勝","29,062","1,301,902","44.85","44.90","44.70","44.80","-0.05","23"
"6116","彩晶","15,235,659","124,957,157","8.12","8.28","8.09","8.19","+0.04","3,820"
"6117","迎廣","52,100","871,905","16.75","16.85","16.60","16.80","+0.65","33"
"6120","達運","5,338,580","130,253,130","24.30","24.90","23.85","23.90","+0.05","2,734"
"6128","上福","965,623","38,446,720","39.30","40.20","39.30","40.20","+1.20","605"
"6131","悠克","3,110,192","50,974,157","16.10","16.50","15.95","16.40"," 0.00","359"
"6133","金橋","0","0","0.00","0.00","0.00","0.00"," 0.00","0"
"6136","富爾特","71,001","1,697,724","23.95","23.95","23.90","23.90","-0.10","26"
"6139","亞翔","4,882,069","184,417,842","37.05","38.20","36.70","37.55","+0.85","2,497"
"6141","柏承","9,427,420","272,692,766","30.05","30.70","27.80","29.00","-1.55","5,277"
"6142","友勁","326,756","2,274,365","6.96","7.02","6.90","6.94","-0.02","125"
"6145","勁永","468,300","4,283,499","9.28","9.28","9.07","9.15","+0.09","201"
"6152","百一","103,695","792,984","7.65","7.72","7.63","7.72","+0.06","42"
"6153","嘉聯益","76,241,933","3,945,147,310","50.60","53.60","50.60","51.70","+2.50","32,642"
"6155","鈞寶","148,312","2,992,290","19.90","20.45","19.90","20.00","+0.30","118"
"6164","華興","214,651","2,230,554","10.35","10.50","10.30","10.35","+0.10","94"
"6165","捷泰","699,017","12,336,397","17.60","17.95","17.30","17.70"," 0.00","224"
"6166","凌華","85,959","5,233,015","61.40","61.40","60.50","60.50","-0.30","51"
"6168","宏齊","519,300","9,176,843","17.70","17.80","17.60","17.60","-0.10","291"
"6172","互億","0","0","0.00","0.00","0.00","0.00"," 0.00","0"
"6176","瑞儀","4,374,061","262,031,172","60.20","60.70","59.50","59.70","-0.50","2,776"
"6177","達麗","387,000","14,020,897","35.95","36.55","35.95","36.20","+0.25","259"
"6183","關貿","94,000","3,072,400","33.05","33.55","32.25","33.00","-0.05","55"
"6184","大豐電","112,301","4,327,338","38.50","38.75","38.35","38.40","-0.40","74"
"6189","豐藝","105,345","2,979,196","28.35","28.35","28.20","28.35"," 0.00","60"
"6191","精成科","950,254","12,125,970","12.75","12.85","12.70","12.75"," 0.00","358"
"6192","巨路","51,543","3,091,861","59.90","60.10","59.90","60.00","-0.10","37"
"6196","帆宣","2,199,101","128,367,182","58.20","58.70","58.10","58.30","+0.10","940"
"6197","佳必琪","103,623","2,957,856","28.70","28.70","28.00","28.50","-0.10","70"
"6201","亞弘電","12,336","379,864","30.75","30.85","30.75","30.85","+0.10","12"
"6202","盛群","710,335","50,575,185","71.60","72.00","70.80","71.00"," 0.00","620"
"6205","詮欣","10,110","279,197","27.20","27.80","27.20","27.75","+0.25","10"
"6206","飛捷","61,503","4,827,034","78.70","78.70","78.30","78.50","+0.60","55"
"6209","今國光","933,152","27,139,226","29.10","29.35","28.70","28.75","-0.25","614"
"6213","聯茂","868,595","57,615,604","66.30","67.20","65.70","65.90","-0.20","714"
"6214","精誠","530,750","34,148,919","64.50","64.70","64.00","64.20","+0.50","369"
"6215","和椿","197,027","3,779,985","19.10","19.35","19.10","19.20","-0.05","131"
"6216","居易","121,710","3,461,226","28.50","28.50","28.30","28.30","-0.20","84"
"6224","聚鼎","168,066","10,473,943","62.00","62.80","61.80","62.20","+0.50","117"
"6225","天瀚","4,000","12,400","3.10","3.10","3.10","3.10"," 0.00","2"
"6226","光鼎","203,899","1,903,310","9.23","9.41","9.23","9.33","+0.14","101"
"6230","超眾","80,400","6,229,100","77.80","78.00","76.90","77.80"," 0.00","96"
"6235","華孚","236,900","4,136,353","17.40","17.65","17.35","17.45","+0.05","132"
"6239","力成","2,291,605","196,629,768","85.40","86.50","85.00","86.10","+0.50","1,652"
"6243","迅杰","108,158","1,450,873","13.20","13.50","13.20","13.45","+0.25","54"
"6251","定穎","445,735","3,971,588","8.96","9.00","8.87","8.91","-0.05","161"
"6257","矽格","9,014,071","320,106,480","34.50","36.50","34.50","35.70","+1.70","4,349"
"6269","台郡","3,313,677","264,511,294","79.00","80.30","78.90","80.00","+1.20","2,295"
"6271","同欣電","370,025","38,725,712","104.00","105.50","103.50","105.50","+1.50","277"
"6277","宏正","556,498","55,448,204","101.50","101.50","97.30","98.00","-0.60","359"
"6278","台表科","249,605","6,446,683","25.95","26.15","25.70","25.80"," 0.00","224"
"6281","全國電","27,150","1,764,879","65.00","65.10","65.00","65.00"," 0.00","24"
"6282","康舒","1,465,623","27,300,385","18.80","19.00","18.50","18.50","-0.30","709"
"6283","淳安","3,009,804","155,435,535","52.50","53.20","49.80","50.00","-1.90","1,758"
"6285","啟碁","370,772","25,772,512","69.50","69.90","69.20","69.50","-0.10","299"
"6289","華上","52,012","97,404","1.92","1.92","1.86","1.88","-0.02","17"
"6405","悅城","19,000","438,500","23.50","23.50","22.70","22.70","-0.30","11"
"6409","旭隼","9,033","4,653,962","515.00","518.00","514.00","514.00","-1.00","13"
"6412","群電","472,640","24,428,316","51.70","52.00","51.30","51.70"," 0.00","295"
"6414","樺漢","169,011","80,591,269","483.00","484.00","473.00","477.00","-1.50","165"
"6415","矽力-KY","26,719","16,759,499","627.00","633.00","626.00","626.00","-2.00","23"
"6416","瑞祺電通","673,561","86,242,930","123.00","132.00","121.50","130.00","+7.00","556"
"6422","君耀-KY","1,294,527","93,499,143","72.30","72.40","72.10","72.20","+0.10","562"
"6431","光麗-KY","85,000","1,100,000","12.90","13.00","12.90","12.95","-0.05","48"
"6442","光聖","43,100","1,461,500","33.70","34.30","33.70","34.15"," 0.00","31"
"6443","元晶","10,721,426","115,375,021","11.20","11.20","10.50","10.75","-0.50","3,263"
"6449","鈺邦","3,729,942","220,111,521","59.80","60.20","58.10","58.30","-0.30","2,677"
"6451","訊芯-KY","654,070","90,535,590","137.50","141.00","135.00","138.00"," 0.00","546"
"6452","康友-KY","203,399","77,720,918","384.00","385.00","380.00","382.00","-5.50","195"
"6456","GIS-KY","9,126,338","1,525,392,460","166.50","169.50","165.50","168.00","-2.00","6,094"
"6464","台數科","0","0","0.00","0.00","0.00","0.00"," 0.00","0"
"6477","安集","3,656,380","91,217,025","25.40","25.75","24.60","24.70","-0.70","1,761"
"6504","南六","19,000","3,032,500","160.00","160.00","158.50","158.50","-1.00","17"
"6505","台塑化","1,101,417","130,205,911","118.50","119.00","118.00","118.00","-0.50","707"
"6525","捷敏-KY","323,060","26,440,050","82.30","82.30","81.50","81.50","-0.80","272"
"6531","愛普","151,000","12,070,300","80.80","80.80","79.50","80.30","+0.70","122"
"6533","晶心科","262,547","35,873,392","136.00","138.50","135.00","135.50","+1.00","254"
"6541","泰福-KY","3,078,735","390,101,302","126.00","132.50","122.00","122.00","-1.00","2,276"
"6552","易華電","207,000","10,665,700","50.90","52.90","50.60","52.90","+2.00","138"
"6573","虹揚-KY","1,349,141","74,723,426","55.00","57.90","53.10","53.10","+0.30","932"
"6579","研揚","332,220","28,575,650","85.20","86.90","84.40","86.50","+3.90","271"
"6581","鋼聯","42,700","5,081,500","120.00","120.00","118.50","119.00","-1.00","45"
"6582","申豐","16,000","861,000","55.30","55.30","53.50","53.90","+0.60","12"
"6591","動力-KY","94,000","7,332,100","77.00","81.80","76.80","79.60","+2.40","79"
"6605","帝寶","43,250","3,518,700","81.70","81.90","81.10","81.20","-0.50","46"
"6625","必應","206,001","10,850,503","48.60","53.30","48.60","53.30","+4.80","146"
"8011","台通","85,451","1,534,744","18.00","18.20","17.85","17.95","-0.05","62"
"8016","矽創","248,535","21,260,820","85.80","86.20","85.10","86.10","+0.30","215"
"8021","尖點","238,025","4,713,143","19.75","19.95","19.65","19.80","+0.30","130"
"8033","雷虎","49,450","602,443","12.30","12.30","12.15","12.15","-0.15","48"
"8039","台虹","3,361,166","137,884,825","40.90","41.45","40.55","40.70","+0.75","1,887"
"8046","南電","1,094,717","28,771,684","26.80","26.80","26.05","26.10","-0.65","711"
"8070","長華","49,357","7,325,336","147.00","149.50","147.00","148.00","-1.50","49"
"8072","陞泰","12,800","268,570","21.10","21.10","20.90","21.10"," 0.00","16"
"8081","致新","40,187","2,633,159","65.30","65.80","65.30","65.50","-0.10","48"
"8101","華冠","333,758","843,603","2.47","2.58","2.45","2.55","+0.08","59"
"8103","瀚荃","40,150","1,086,225","27.00","27.10","27.00","27.05","-0.05","37"
"8105","凌巨","602,119","9,064,785","15.05","15.15","15.00","15.00","-0.05","334"
"8110","華東","1,134,000","14,695,650","13.00","13.05","12.90","12.95","-0.10","453"
"8112","至上","2,267,352","72,602,914","32.00","32.15","31.90","32.00","+0.05","1,027"
"8114","振樺電","52,424","6,234,089","118.50","119.50","118.00","119.00","+1.00","54"
"8131","福懋科","220,000","7,243,200","33.15","33.15","32.80","32.80","-0.15","184"
"8150","南茂","3,105,835","65,715,602","21.00","21.40","21.00","21.00"," 0.00","1,503"
"8163","達方","13,596,851","461,214,556","32.40","34.80","32.40","33.40","+1.05","6,312"
"8201","無敵","937,013","14,165,651","15.85","15.90","14.85","14.90","-0.75","462"
"8210","勤誠","260,000","12,048,750","46.30","46.90","45.65","46.00","-0.30","103"
"8213","志超","361,005","10,318,693","28.75","28.95","28.40","28.70","-0.10","233"
"8215","明基材","214,004","3,714,768","17.20","17.50","17.20","17.45","+0.25","149"
"8222","寶一","2,146,000","47,434,550","21.60","22.65","21.30","22.20","+0.60","1,058"
"8249","菱光","108,212","2,575,962","23.75","23.90","23.70","23.80","+0.05","80"
"8261","富鼎","154,915","4,044,932","25.95","26.40","25.95","26.10","+0.15","116"
"8271","宇瞻","163,330","6,242,853","38.20","38.35","38.10","38.30","+0.15","134"
"8341","日友","310,156","60,061,420","196.00","196.00","191.50","194.50","-1.50","302"
"8374","羅昇","195,000","5,262,100","27.10","27.20","26.85","26.95","+0.05","132"
"8404","百和興業-KY","336,109","16,788,050","50.60","51.00","49.50","49.75","-0.75","238"
"8411","福貞-KY","98,956","1,878,466","19.10","19.25","18.90","18.90","-0.20","68"
"8422","可寧衛","123,819","23,433,110","191.00","191.00","188.50","189.00","-2.00","137"
"8427","基勝-KY","10,000","388,600","38.80","39.00","38.80","39.00","+0.10","7"
"8429","金麗-KY","191,064","3,733,495","19.50","19.65","19.45","19.45","-0.05","115"
"8442","威宏-KY","65,000","3,772,900","58.00","58.20","57.60","58.20"," 0.00","32"
"8443","阿瘦","22,002","322,430","14.80","14.80","14.45","14.45","+0.05","20"
"8454","富邦媒","62,040","15,359,440","249.50","249.50","246.50","247.50","-2.00","63"
"8463","潤泰材","1,188,086","24,784,840","21.75","21.90","20.35","20.60","-0.90","649"
"8464","億豐","348,310","91,674,270","267.00","267.00","261.50","261.50","-5.50","287"
"8466","美吉吉-KY","24,000","1,949,000","81.00","81.80","80.20","81.80"," 0.00","20"
"8467","波力-KY","0","0","0.00","0.00","0.00","0.00"," 0.00","0"
"8473","山林水","163,285","10,934,165","67.20","67.50","66.60","67.30","+0.10","116"
"8478","東哥遊艇","130,050","7,804,990","60.70","60.70","59.60","59.60","-1.60","109"
"8480","泰昇-KY","68,025","9,844,575","144.00","146.00","144.00","144.00"," 0.00","44"
"8481","政伸","2,000","91,600","45.80","45.80","45.80","45.80","-0.05","2"
"8488","吉源-KY","3,000","80,650","26.70","27.00","26.70","27.00"," 0.00","3"
"8497","聯廣","28,020","1,211,176","43.40","43.40","43.00","43.00","-0.40","20"
"8499","鼎炫-KY","5,000","441,900","88.20","88.50","88.20","88.50","-1.10","5"
"8926","台汽電","2,010,009","57,314,752","28.60","28.95","28.35","28.35","-0.40","938"
"8940","新天地","41,000","557,700","13.55","13.75","13.50","13.70","+0.05","25"
"8996","高力","146,497","6,222,872","42.50","43.20","41.80","42.60","+0.10","90"
"9103","美德醫療-DR","369,000","522,490","1.41","1.43","1.41","1.42","+0.01","44"
"910322","康師傅-DR","12,000","340,050","27.70","28.85","27.70","28.85","+1.15","6"
"910482","聖馬丁-DR","78,000","26,410","0.33","0.34","0.33","0.34"," 0.00","6"
"9105","泰金寶-DR","796,466","2,114,850","2.66","2.67","2.65","2.65","-0.01","131"
"910708","恒大健-DR","2,000","1,313,000","647.00","666.00","647.00","666.00","+21.00","2"
"910861","神州-DR","22,000","185,740","8.20","8.52","8.20","8.46","+0.06","6"
"9110","越南控-DR","31,000","97,890","3.23","3.23","3.11","3.13","-0.02","12"
"911608","明輝-DR","1,000","1,640","1.64","1.64","1.64","1.64"," 0.00","1"
"911616","杜康-DR","43,000","45,580","1.06","1.06","1.06","1.06"," 0.00","5"
"911619","耀傑-DR","0","0","0.00","0.00","0.00","0.00"," 0.00","0"
"911622","泰聚亨-DR","0","0","0.00","0.00","0.00","0.00"," 0.00","0"
"911868","同方友友-DR","97,000","167,200","1.84","1.84","1.60","1.69","-0.06","15"
"912000","晨訊科-DR","0","0","0.00","0.00","0.00","0.00"," 0.00","0"
"912398","友佳-DR","22,000","161,680","7.36","7.36","7.33","7.33","-0.03","7"
"9136","巨騰-DR","681,015","4,748,155","6.78","7.30","6.75","7.05","+0.40","256"
"9157","陽光能源-DR","85,000","96,450","1.16","1.19","1.11","1.17","-0.05","18"
"9188","精熙-DR","9,000","46,850","5.21","5.21","5.20","5.20","-0.01","3"
"9802","鈺齊-KY","211,000","13,461,800","63.00","64.50","63.00","64.50","+0.70","141"
"9902","台火","119,000","1,168,180","9.79","9.90","9.77","9.84","+0.03","41"
"9904","寶成","1,992,691","73,923,167","37.05","37.20","37.00","37.00","-0.30","1,388"
"9905","大華","223,200","5,955,379","26.85","27.00","26.60","26.75","-0.10","193"
"9906","欣巴巴","36,654","526,370","14.30","14.70","14.30","14.30"," 0.00","32"
"9907","統一實","623,839","7,895,116","12.65","12.70","12.60","12.60"," 0.00","218"
"9908","大台北","162,069","4,504,642","27.80","28.00","27.75","28.00","+0.20","38"
"9910","豐泰","565,926","74,808,267","132.00","134.00","131.50","131.50","-0.50","431"
"9911","櫻花","839,336","32,632,065","39.50","39.50","38.20","38.30","-0.80","595"
"9912","偉聯","366,010","3,758,553","10.35","10.50","10.20","10.20","-0.30","191"
"9914","美利達","271,711","37,460,407","137.00","139.00","135.50","138.00","+1.00","252"
"9917","中保","74,985","6,695,056","89.30","89.50","89.00","89.00","-0.30","78"
"9918","欣天然","2,373","78,122","33.00","33.00","33.00","33.00","-0.40","5"
"9919","康那香","79,001","930,261","11.80","11.85","11.70","11.75"," 0.00","30"
"9921","巨大","338,768","51,160,968","150.00","152.00","150.00","151.00"," 0.00","282"
"9924","福興","41,320","1,476,538","35.75","35.80","35.70","35.70","-0.05","36"
"9925","新保","48,160","1,863,496","38.75","38.75","38.65","38.65","-0.05","37"
"9926","新海","120","4,800","0.00","0.00","0.00","0.00"," 0.00","1"
"9927","泰銘","144,025","5,696,895","39.50","39.65","39.50","39.60"," 0.00","83"
"9928","中視","0","0","0.00","0.00","0.00","0.00"," 0.00","0"
"9929","秋雨","41,999","462,438","11.05","11.15","10.95","10.95","-0.05","13"
"9930","中聯資源","29,200","1,750,000","59.90","60.00","59.90","60.00","+0.20","24"
"9931","欣高","16,150","509,182","31.15","32.10","31.15","31.55","+0.40","14"
"9933","中鼎","1,123,511","54,592,852","48.75","48.95","48.45","48.45","-0.25","745"
"9934","成霖","9,854,453","203,140,645","21.55","21.55","20.25","20.35","-2.10","2,754"
"9935","慶豐富","187,027","3,610,368","19.50","19.65","19.05","19.30","-0.10","109"
"9937","全國","14,436","576,952","39.90","40.10","39.85","40.05","+0.05","13"
"9938","百和","1,219,002","91,561,750","76.50","77.00","74.00","74.50","-1.80","940"
"9939","宏全","812,287","41,024,708","50.80","51.20","50.30","50.30","-0.50","611"
"9940","信義","251,110","10,702,943","42.80","42.80","42.50","42.65","-0.15","192"
"9941","裕融","270,485","34,630,565","129.00","129.00","127.50","128.00","-1.00","186"
"9942","茂順","35,050","3,016,135","87.00","87.00","85.70","85.70","-1.30","30"
"9943","好樂迪","75,269","4,145,647","55.20","55.30","54.80","55.20","-0.10","74"
"9944","新麗","71,000","1,360,400","18.95","19.20","18.95","19.10"," 0.00","12"
"9945","潤泰新","3,419,430","120,464,174","35.40","35.50","35.10","35.10","-0.40","1,371"
"9946","三發地產","163,827","2,319,528","14.15","14.25","14.10","14.15","+0.05","83"
"9955","佳龍","27,273","377,066","13.85","13.90","13.70","13.90","+0.20","23"
"9958","世紀鋼","2,450,420","130,852,428","53.40","53.40","53.40","53.40","-5.90","869"
